{
    "root_group": {
        "name": "",
        "path": "",
        "id": "d41d8cd98f00b204e9800998ecf8427e",
        "groups": {},
        "checks": {
                "ok": {
                    "name": "ok",
                    "path": "::ok",
                    "id": "2385b52f13b6c5244d846734f1757fa3",
                    "passes": 23996,
                    "fails": 0
                }
            }
    },
    "metrics": {
        "vus": {
            "value": 0,
            "min": 0,
            "max": 5
        },
        "iteration_duration": {
            "avg": 2.847332870186699,
            "min": 0.502083,
            "med": 1.7513545,
            "max": 280.628083,
            "p(90)": 4.5089785000000004,
            "p(95)": 6.399406249999998
        },
        "http_req_duration": {
            "avg": 51.20689414902507,
            "min": 0.446,
            "med": 1.5175,
            "max": 977744.274,
            "p(90)": 4.1005,
            "p(95)": 5.920499999999998
        },
        "http_req_blocked": {
            "p(90)": 0.013,
            "p(95)": 0.016,
            "avg": 0.018388064677442154,
            "min": 0.001,
            "med": 0.007,
            "max": 77.303
        },
        "data_received": {
            "count": 6530811,
            "rate": 3333.385956520885
        },
        "http_req_tls_handshaking": {
            "max": 0,
            "p(90)": 0,
            "p(95)": 0,
            "avg": 0,
            "min": 0,
            "med": 0
        },
        "http_req_connecting": {
            "med": 0,
            "max": 77.24,
            "p(90)": 0,
            "p(95)": 0,
            "avg": 0.0073648524754125685,
            "min": 0
        },
        "http_req_sending": {
            "max": 10.455,
            "p(90)": 0.04,
            "p(95)": 0.052,
            "avg": 0.031993998999832324,
            "min": 0.002,
            "med": 0.022
        },
        "http_req_duration{expected_response:true}": {
            "max": 120.734,
            "p(90)": 4.3355999999999995,
            "p(95)": 7.522599999999998,
            "avg": 2.9431871921182307,
            "min": 0.61,
            "med": 1.576
        },
        "iterations": {
            "count": 23996,
            "rate": 12.247778937818772
        },
        "checks{check:ok}": {
            "passes": 23996,
            "fails": 0,
            "thresholds": {
                "rate>0.999": false
            },
            "value": 1
        },
        "http_req_failed": {
            "passes": 23387,
            "fails": 609,
            "thresholds": {
                "rate<0.001": true
            },
            "value": 0.9746207701283547
        },
        "http_req_waiting": {
            "min": 0.415,
            "med": 1.43,
            "max": 977744.217,
            "p(90)": 3.943,
            "p(95)": 5.711,
            "avg": 51.09990098349757
        },
        "data_sent": {
            "count": 1703716,
            "rate": 869.5923045851329
        },
        "checks": {
            "passes": 23996,
            "fails": 0,
            "value": 1
        },
        "vus_max": {
            "value": 23,
            "min": 20,
            "max": 23
        },
        "dropped_iterations": {
            "count": 5,
            "rate": 0.0025520459530377505
        },
        "http_req_receiving": {
            "med": 0.051,
            "max": 19.322,
            "p(90)": 0.093,
            "p(95)": 0.121,
            "avg": 0.07499916652775547,
            "min": 0.006
        },
        "http_reqs": {
            "rate": 12.247778937818772,
            "count": 23996
        }
    }
}