{
    "metrics": {
        "http_req_blocked": {
            "max": 24.451,
            "p(90)": 0.011,
            "p(95)": 0.015,
            "avg": 0.014932961126616115,
            "min": 0,
            "med": 0.007
        },
        "http_req_failed": {
            "passes": 23392,
            "fails": 609,
            "thresholds": {
                "rate<0.001": true
            },
            "value": 0.9746260572476146
        },
        "http_req_waiting": {
            "avg": 45.71024107328848,
            "min": 0.317,
            "med": 1.452,
            "max": 1028641.675,
            "p(90)": 4.527,
            "p(95)": 7.263
        },
        "http_req_duration": {
            "p(95)": 7.459,
            "avg": 45.810116161826436,
            "min": 0.34,
            "med": 1.537,
            "max": 1028641.725,
            "p(90)": 4.679
        },
        "checks": {
            "passes": 24001,
            "fails": 0,
            "value": 1
        },
        "http_req_sending": {
            "avg": 0.03238002583225693,
            "min": 0.002,
            "med": 0.021,
            "max": 14.253,
            "p(90)": 0.037,
            "p(95)": 0.05
        },
        "http_req_connecting": {
            "med": 0,
            "max": 20.549,
            "p(90)": 0,
            "p(95)": 0,
            "avg": 0.004313945252281155,
            "min": 0
        },
        "data_received": {
            "count": 6532176,
            "rate": 1444.2335437312806
        },
        "iteration_duration": {
            "p(90)": 5.11975,
            "p(95)": 8.057625,
            "avg": 3.2219851352443527,
            "min": 0.397584,
            "med": 1.761708,
            "max": 322.3005
        },
        "iterations": {
            "rate": 5.306508777946961,
            "count": 24001
        },
        "vus": {
            "value": 0,
            "min": 0,
            "max": 6
        },
        "checks{check:ok}": {
            "passes": 24001,
            "fails": 0,
            "thresholds": {
                "rate>0.999": false
            },
            "value": 1
        },
        "http_req_duration{expected_response:true}": {
            "avg": 3.523573070607555,
            "min": 0.548,
            "med": 1.659,
            "max": 222.619,
            "p(90)": 5.158400000000001,
            "p(95)": 9.600999999999999
        },
        "http_reqs": {
            "count": 24001,
            "rate": 5.306508777946961
        },
        "data_sent": {
            "count": 1704071,
            "rate": 376.76212323423425
        },
        "http_req_receiving": {
            "avg": 0.06749506270571953,
            "min": 0.005,
            "med": 0.047,
            "max": 21.81,
            "p(90)": 0.087,
            "p(95)": 0.121
        },
        "vus_max": {
            "value": 20,
            "min": 20,
            "max": 20
        },
        "http_req_tls_handshaking": {
            "med": 0,
            "max": 0,
            "p(90)": 0,
            "p(95)": 0,
            "avg": 0,
            "min": 0
        }
    },
    "root_group": {
        "name": "",
        "path": "",
        "id": "d41d8cd98f00b204e9800998ecf8427e",
        "groups": {},
        "checks": {
                "ok": {
                    "name": "ok",
                    "path": "::ok",
                    "id": "2385b52f13b6c5244d846734f1757fa3",
                    "passes": 24001,
                    "fails": 0
                }
            }
    }
}