{
    "root_group": {
        "checks": {
            "ok": {
                "id": "2385b52f13b6c5244d846734f1757fa3",
                "passes": 5760,
                "fails": 0,
                "name": "ok",
                "path": "::ok"
            }
        },
        "name": "",
        "path": "",
        "id": "d41d8cd98f00b204e9800998ecf8427e",
        "groups": {}
    },
    "metrics": {
        "http_req_blocked": {
            "p(95)": 0.011,
            "avg": 0.032999999999998336,
            "min": 0.001,
            "med": 0.005,
            "max": 38.618,
            "p(90)": 0.008
        },
        "iteration_duration": {
            "med": 1.248396,
            "max": 44.747208,
            "p(90)": 2.8444503000000005,
            "p(95)": 3.972114899999999,
            "avg": 1.623277955902773,
            "min": 0.331833
        },
        "vus_max": {
            "max": 80,
            "value": 80,
            "min": 80
        },
        "http_req_receiving": {
            "med": 0.037,
            "max": 3.803,
            "p(90)": 0.06,
            "p(95)": 0.076,
            "avg": 0.04225972222222193,
            "min": 0.005
        },
        "checks": {
            "passes": 5760,
            "fails": 0,
            "value": 1
        },
        "http_req_sending": {
            "min": 0.002,
            "med": 0.015,
            "max": 4.713,
            "p(90)": 0.026,
            "p(95)": 0.036,
            "avg": 0.02087430555555599
        },
        "http_req_failed": {
            "passes": 5679,
            "fails": 81,
            "thresholds": {
                "rate<0.001": true
            },
            "value": 0.9859375
        },
        "http_reqs": {
            "count": 5760,
            "rate": 159.97776753413962
        },
        "http_req_duration": {
            "avg": 1.4315527777777792,
            "min": 0.296,
            "med": 1.094,
            "max": 30.6,
            "p(90)": 2.5361000000000002,
            "p(95)": 3.56905
        },
        "http_req_waiting": {
            "med": 1.0345,
            "max": 30.565,
            "p(90)": 2.434,
            "p(95)": 3.4672999999999985,
            "avg": 1.3684187500000027,
            "min": 0.282
        },
        "data_received": {
            "count": 1569807,
            "rate": 43599.69085407381
        },
        "vus": {
            "min": 0,
            "max": 2,
            "value": 0
        },
        "checks{check:ok}": {
            "passes": 5760,
            "fails": 0,
            "thresholds": {
                "rate>0.999": false
            },
            "value": 1
        },
        "http_req_tls_handshaking": {
            "avg": 0,
            "min": 0,
            "med": 0,
            "max": 0,
            "p(90)": 0,
            "p(95)": 0
        },
        "http_req_connecting": {
            "min": 0,
            "med": 0,
            "max": 13.1,
            "p(90)": 0,
            "p(95)": 0,
            "avg": 0.01841979166666666
        },
        "data_sent": {
            "count": 408960,
            "rate": 11358.421494923914
        },
        "http_req_duration{expected_response:true}": {
            "p(90)": 3.47,
            "p(95)": 4.392,
            "avg": 1.7942716049382719,
            "min": 0.345,
            "med": 1.222,
            "max": 6.572
        },
        "iterations": {
            "count": 5760,
            "rate": 159.97776753413962
        }
    }
}