{
    "metrics": {
        "http_reqs": {
            "count": 5759,
            "rate": 159.97082692112073
        },
        "http_req_waiting": {
            "p(90)": 2.5648000000000004,
            "p(95)": 3.8664999999999963,
            "avg": 1.456861434276783,
            "min": 0.356,
            "med": 1.08,
            "max": 41.699
        },
        "http_req_duration": {
            "med": 1.143,
            "max": 41.8,
            "p(90)": 2.6564000000000005,
            "p(95)": 3.9927999999999955,
            "avg": 1.5258923424205593,
            "min": 0.366
        },
        "checks": {
            "passes": 5759,
            "fails": 0,
            "value": 1
        },
        "http_req_duration{expected_response:true}": {
            "avg": 2.3481358024691366,
            "min": 0.557,
            "med": 1.537,
            "max": 27.344,
            "p(90)": 3.498,
            "p(95)": 4.619
        },
        "http_req_connecting": {
            "min": 0,
            "med": 0,
            "max": 17.575,
            "p(90)": 0,
            "p(95)": 0,
            "avg": 0.021555652022920656
        },
        "http_req_receiving": {
            "min": 0.005,
            "med": 0.038,
            "max": 18.746,
            "p(90)": 0.059,
            "p(95)": 0.075,
            "avg": 0.04777756554957438
        },
        "checks{check:ok}": {
            "passes": 5759,
            "fails": 0,
            "thresholds": {
                "rate>0.999": false
            },
            "value": 1
        },
        "http_req_blocked": {
            "p(95)": 0.01,
            "avg": 0.029504427852056068,
            "min": 0,
            "med": 0.005,
            "max": 20.34,
            "p(90)": 0.008
        },
        "data_sent": {
            "count": 408889,
            "rate": 11357.928711399572
        },
        "iteration_duration": {
            "med": 1.292417,
            "max": 41.95725,
            "p(90)": 3.008833800000001,
            "p(95)": 4.487537499999995,
            "avg": 1.715685106615726,
            "min": 0.40175
        },
        "iterations": {
            "count": 5759,
            "rate": 159.97082692112073
        },
        "http_req_failed": {
            "fails": 81,
            "passes": 5678,
            "thresholds": {
                "rate<0.001": true
            },
            "value": 0.9859350581698212
        },
        "http_req_sending": {
            "min": 0.002,
            "med": 0.015,
            "max": 5.533,
            "p(90)": 0.026,
            "p(95)": 0.037,
            "avg": 0.02125334259420085
        },
        "http_req_tls_handshaking": {
            "med": 0,
            "max": 0,
            "p(90)": 0,
            "p(95)": 0,
            "avg": 0,
            "min": 0
        },
        "data_received": {
            "count": 1569534,
            "rate": 43597.786397085314
        },
        "vus": {
            "value": 0,
            "min": 0,
            "max": 1
        },
        "vus_max": {
            "min": 80,
            "max": 80,
            "value": 80
        }
    },
    "root_group": {
        "groups": {},
        "checks": {
                "ok": {
                    "fails": 0,
                    "name": "ok",
                    "path": "::ok",
                    "id": "2385b52f13b6c5244d846734f1757fa3",
                    "passes": 5759
                }
            },
        "name": "",
        "path": "",
        "id": "d41d8cd98f00b204e9800998ecf8427e"
    }
}