{
    "metrics": {
        "http_req_receiving": {
            "min": 0.006,
            "med": 0.047,
            "max": 17.918,
            "p(90)": 0.107,
            "p(95)": 0.157,
            "avg": 0.07741341414141369
        },
        "iteration_duration": {
            "avg": 2.6787519452929387,
            "min": 0.431791,
            "med": 1.700542,
            "max": 143.1235,
            "p(90)": 4.842608200000001,
            "p(95)": 6.730625199999996
        },
        "http_req_waiting": {
            "p(95)": 5.849799999999991,
            "avg": 2.2736376565656604,
            "min": 0.37,
            "med": 1.326,
            "max": 142.726,
            "p(90)": 4.198400000000001
        },
        "http_reqs": {
            "count": 12375,
            "rate": 137.49747004655114
        },
        "http_req_connecting": {
            "avg": 0.009606707070707071,
            "min": 0,
            "med": 0,
            "max": 14.659,
            "p(90)": 0,
            "p(95)": 0
        },
        "http_req_tls_handshaking": {
            "min": 0,
            "med": 0,
            "max": 0,
            "p(90)": 0,
            "p(95)": 0,
            "avg": 0
        },
        "http_req_failed": {
            "passes": 12186,
            "fails": 189,
            "thresholds": {
                "rate<0.001": true
            },
            "value": 0.9847272727272727
        },
        "checks{check:ok}": {
            "fails": 0,
            "passes": 12375,
            "thresholds": {
                "rate>0.999": false
            },
            "value": 1
        },
        "vus_max": {
            "value": 50,
            "min": 50,
            "max": 50
        },
        "data_sent": {
            "count": 878625,
            "rate": 9762.320373305132
        },
        "data_received": {
            "count": 3372138,
            "rate": 37467.510597805005
        },
        "checks": {
            "fails": 0,
            "passes": 12375,
            "value": 1
        },
        "http_req_blocked": {
            "med": 0.007,
            "max": 16.773,
            "p(90)": 0.014,
            "p(95)": 0.018,
            "avg": 0.021470222222219983,
            "min": 0.001
        },
        "http_req_duration": {
            "avg": 2.385369050505047,
            "min": 0.388,
            "med": 1.431,
            "max": 142.836,
            "p(90)": 4.366200000000001,
            "p(95)": 6.093
        },
        "http_req_duration{expected_response:true}": {
            "min": 0.584,
            "med": 1.648,
            "max": 15.466,
            "p(90)": 4.701000000000001,
            "p(95)": 5.8748,
            "avg": 2.521804232804233
        },
        "http_req_sending": {
            "min": 0.003,
            "med": 0.022,
            "max": 7.529,
            "p(90)": 0.042,
            "p(95)": 0.05929999999999945,
            "avg": 0.0343179797979787
        },
        "iterations": {
            "count": 12375,
            "rate": 137.49747004655114
        },
        "vus": {
            "value": 0,
            "min": 0,
            "max": 4
        }
    },
    "root_group": {
        "checks": {
            "ok": {
                "name": "ok",
                "path": "::ok",
                "id": "2385b52f13b6c5244d846734f1757fa3",
                "passes": 12375,
                "fails": 0
            }
        },
        "name": "",
        "path": "",
        "id": "d41d8cd98f00b204e9800998ecf8427e",
        "groups": {}
    }
}