{
    "root_group": {
        "checks": {
            "ok": {
                "name": "ok",
                "path": "::ok",
                "id": "2385b52f13b6c5244d846734f1757fa3",
                "passes": 12374,
                "fails": 0
            }
        },
        "name": "",
        "path": "",
        "id": "d41d8cd98f00b204e9800998ecf8427e",
        "groups": {}
    },
    "metrics": {
        "checks": {
            "passes": 12374,
            "fails": 0,
            "value": 1
        },
        "http_req_receiving": {
            "med": 0.044,
            "max": 6.915,
            "p(90)": 0.065,
            "p(95)": 0.072,
            "avg": 0.05097656376272802,
            "min": 0.004
        },
        "http_req_waiting": {
            "p(95)": 3.2750499999999985,
            "avg": 1.498124131242928,
            "min": 0.351,
            "med": 1.235,
            "max": 29.781,
            "p(90)": 2.426
        },
        "http_req_duration": {
            "avg": 1.5718184095684433,
            "min": 0.366,
            "med": 1.303,
            "max": 29.809,
            "p(90)": 2.512,
            "p(95)": 3.394449999999996
        },
        "http_req_sending": {
            "med": 0.019,
            "max": 6.015,
            "p(90)": 0.028,
            "p(95)": 0.032,
            "avg": 0.02271771456279234,
            "min": 0.001
        },
        "data_sent": {
            "count": 878554,
            "rate": 9762.05994205304
        },
        "data_received": {
            "count": 3371865,
            "rate": 37466.505469795455
        },
        "http_req_duration{expected_response:true}": {
            "p(95)": 3.7059999999999986,
            "avg": 1.7925343915343912,
            "min": 0.509,
            "med": 1.361,
            "max": 28.389,
            "p(90)": 2.8424000000000005
        },
        "iteration_duration": {
            "p(90)": 2.7734457,
            "p(95)": 3.7041186499999985,
            "avg": 1.7589948462906084,
            "min": 0.400833,
            "med": 1.472792,
            "max": 29.889042
        },
        "http_req_failed": {
            "passes": 12185,
            "fails": 189,
            "thresholds": {
                "rate<0.001": true
            },
            "value": 0.984726038467755
        },
        "http_req_blocked": {
            "avg": 0.013252060772587296,
            "min": 0,
            "med": 0.006,
            "max": 14.712,
            "p(90)": 0.008,
            "p(95)": 0.01
        },
        "iterations": {
            "count": 12374,
            "rate": 137.49380200074705
        },
        "http_req_tls_handshaking": {
            "avg": 0,
            "min": 0,
            "med": 0,
            "max": 0,
            "p(90)": 0,
            "p(95)": 0
        },
        "http_reqs": {
            "count": 12374,
            "rate": 137.49380200074705
        },
        "http_req_connecting": {
            "p(90)": 0,
            "p(95)": 0,
            "avg": 0.005850816227573945,
            "min": 0,
            "med": 0,
            "max": 12.487
        },
        "vus_max": {
            "value": 50,
            "min": 50,
            "max": 50
        },
        "vus": {
            "min": 0,
            "max": 1,
            "value": 0
        },
        "checks{check:ok}": {
            "passes": 12374,
            "fails": 0,
            "thresholds": {
                "rate>0.999": false
            },
            "value": 1
        }
    }
}