{
    "root_group": {
        "id": "d41d8cd98f00b204e9800998ecf8427e",
        "groups": {},
        "checks": {
                "ok": {
                    "id": "2385b52f13b6c5244d846734f1757fa3",
                    "passes": 12001,
                    "fails": 0,
                    "name": "ok",
                    "path": "::ok"
                }
            },
        "name": "",
        "path": ""
    },
    "metrics": {
        "http_req_waiting": {
            "avg": 1.1514948337638475,
            "min": 0.155,
            "med": 0.618,
            "max": 119.49,
            "p(90)": 1.9599000000000004,
            "p(95)": 3.025899999999998
        },
        "iteration_duration": {
            "min": 0.6025,
            "med": 1.777,
            "max": 122.4375,
            "p(90)": 4.271833,
            "p(95)": 6.378833,
            "avg": 2.7194399132572333
        },
        "vus_max": {
            "max": 50,
            "value": 50,
            "min": 50
        },
        "http_req_failed": {
            "passes": 0,
            "fails": 24002,
            "thresholds": {
                "rate<0.01": false
            },
            "value": 0
        },
        "http_req_duration{expected_response:true}": {
            "avg": 1.214055162069826,
            "min": 0.171,
            "med": 0.67,
            "max": 119.552,
            "p(90)": 2.059,
            "p(95)": 3.149899999999998
        },
        "http_req_tls_handshaking": {
            "med": 0,
            "max": 0,
            "p(90)": 0,
            "p(95)": 0,
            "avg": 0,
            "min": 0
        },
        "http_req_duration": {
            "p(95)": 3.149899999999998,
            "avg": 1.214055162069826,
            "min": 0.171,
            "med": 0.67,
            "max": 119.552,
            "p(90)": 2.059
        },
        "data_sent": {
            "count": 2756905,
            "rate": 45945.34598604326
        },
        "http_reqs": {
            "count": 24002,
            "rate": 400.00659955892945
        },
        "vus": {
            "max": 9,
            "value": 1,
            "min": 0
        },
        "http_req_blocked": {
            "p(90)": 0.009,
            "p(95)": 0.011,
            "avg": 0.008352428964251719,
            "min": 0,
            "med": 0.004,
            "max": 12.639
        },
        "http_req_sending": {
            "max": 6.241,
            "p(90)": 0.031,
            "p(95)": 0.038,
            "avg": 0.019747979335054136,
            "min": 0.001,
            "med": 0.013
        },
        "http_req_receiving": {
            "max": 16.663,
            "p(90)": 0.062,
            "p(95)": 0.085,
            "avg": 0.04281234897091896,
            "min": 0.004,
            "med": 0.028
        },
        "data_received": {
            "count": 4377040,
            "rate": 72945.791456271
        },
        "iterations": {
            "count": 12001,
            "rate": 200.00329977946473
        },
        "http_req_connecting": {
            "p(90)": 0,
            "p(95)": 0,
            "avg": 0.0027058161819848332,
            "min": 0,
            "med": 0,
            "max": 12.62
        },
        "checks": {
            "passes": 12001,
            "fails": 0,
            "value": 1
        }
    }
}