{
    "root_group": {
        "name": "",
        "path": "",
        "id": "d41d8cd98f00b204e9800998ecf8427e",
        "groups": {},
        "checks": {
                "ok": {
                    "fails": 0,
                    "name": "ok",
                    "path": "::ok",
                    "id": "2385b52f13b6c5244d846734f1757fa3",
                    "passes": 11889
                }
            }
    },
    "metrics": {
        "dropped_iterations": {
            "count": 120,
            "rate": 1.9983252369243543
        },
        "data_sent": {
            "count": 2729839,
            "rate": 45459.218053669516
        },
        "vus": {
            "value": 1,
            "min": 0,
            "max": 56
        },
        "http_req_failed": {
            "passes": 0,
            "fails": 23778,
            "thresholds": {
                "rate<0.01": false
            },
            "value": 0
        },
        "http_req_duration": {
            "min": 0.179,
            "med": 0.695,
            "max": 682.518,
            "p(90)": 3.107200000000002,
            "p(95)": 9.048,
            "avg": 4.571702329884755
        },
        "http_req_tls_handshaking": {
            "p(90)": 0,
            "p(95)": 0,
            "avg": 0,
            "min": 0,
            "med": 0,
            "max": 0
        },
        "iteration_duration": {
            "p(90)": 6.646349600000002,
            "p(95)": 28.168708399999787,
            "avg": 9.960856872318955,
            "min": 0.730375,
            "med": 1.736958,
            "max": 697.694583
        },
        "http_reqs": {
            "count": 23778,
            "rate": 395.9681456965608
        },
        "http_req_sending": {
            "avg": 0.0649111363445199,
            "min": 0.001,
            "med": 0.015,
            "max": 333.307,
            "p(90)": 0.032,
            "p(95)": 0.041
        },
        "http_req_blocked": {
            "med": 0.004,
            "max": 179.933,
            "p(90)": 0.008,
            "p(95)": 0.011,
            "avg": 0.024827403482208132,
            "min": 0
        },
        "vus_max": {
            "value": 68,
            "min": 50,
            "max": 68
        },
        "http_req_connecting": {
            "med": 0,
            "max": 26.51,
            "p(90)": 0,
            "p(95)": 0,
            "avg": 0.006648877113298007,
            "min": 0
        },
        "http_req_waiting": {
            "max": 682.466,
            "p(90)": 3.001600000000001,
            "p(95)": 8.957799999999986,
            "avg": 4.456590251492967,
            "min": 0.163,
            "med": 0.64
        },
        "checks": {
            "passes": 11889,
            "fails": 0,
            "value": 1
        },
        "data_received": {
            "count": 4334854,
            "rate": 72187.06788818738
        },
        "http_req_duration{expected_response:true}": {
            "med": 0.695,
            "max": 682.518,
            "p(90)": 3.107200000000002,
            "p(95)": 9.048,
            "avg": 4.571702329884755,
            "min": 0.179
        },
        "http_req_receiving": {
            "avg": 0.05020094204726967,
            "min": 0.004,
            "med": 0.032,
            "max": 53.334,
            "p(90)": 0.065,
            "p(95)": 0.087
        },
        "iterations": {
            "count": 11889,
            "rate": 197.9840728482804
        }
    }
}