{
    "root_group": {
        "id": "d41d8cd98f00b204e9800998ecf8427e",
        "groups": {},
        "checks": {
                "ok": {
                    "name": "ok",
                    "path": "::ok",
                    "id": "2385b52f13b6c5244d846734f1757fa3",
                    "passes": 12000,
                    "fails": 0
                }
            },
        "name": "",
        "path": ""
    },
    "metrics": {
        "http_req_waiting": {
            "p(90)": 1.559,
            "p(95)": 2.208049999999999,
            "avg": 0.8560779999999965,
            "min": 0.168,
            "med": 0.604,
            "max": 26.419
        },
        "iteration_duration": {
            "avg": 2.136374531833333,
            "min": 0.68675,
            "med": 1.7666665,
            "max": 30.539458,
            "p(90)": 3.3887666,
            "p(95)": 4.246793749999999
        },
        "http_req_sending": {
            "p(95)": 0.04,
            "avg": 0.02050837499999875,
            "min": 0.001,
            "med": 0.016,
            "max": 5.009,
            "p(90)": 0.033
        },
        "vus": {
            "min": 0,
            "max": 4,
            "value": 1
        },
        "data_received": {
            "count": 4376678,
            "rate": 72943.60361279566
        },
        "http_req_tls_handshaking": {
            "max": 0,
            "p(90)": 0,
            "p(95)": 0,
            "avg": 0,
            "min": 0,
            "med": 0
        },
        "checks": {
            "passes": 12000,
            "fails": 0,
            "value": 1
        },
        "vus_max": {
            "value": 50,
            "min": 50,
            "max": 50
        },
        "http_req_blocked": {
            "avg": 0.008443999999998193,
            "min": 0,
            "med": 0.004,
            "max": 5.158,
            "p(90)": 0.008,
            "p(95)": 0.01
        },
        "http_req_failed": {
            "passes": 0,
            "fails": 24000,
            "thresholds": {
                "rate<0.01": false
            },
            "value": 0
        },
        "data_sent": {
            "count": 2756678,
            "rate": 45943.98475741517
        },
        "http_req_receiving": {
            "avg": 0.04176258333333274,
            "min": 0.006,
            "med": 0.034,
            "max": 10.717,
            "p(90)": 0.065,
            "p(95)": 0.085
        },
        "http_req_duration{expected_response:true}": {
            "p(90)": 1.654,
            "p(95)": 2.320149999999997,
            "avg": 0.9183489583333337,
            "min": 0.183,
            "med": 0.66,
            "max": 26.491
        },
        "http_req_duration": {
            "min": 0.183,
            "med": 0.66,
            "max": 26.491,
            "p(90)": 1.654,
            "p(95)": 2.320149999999997,
            "avg": 0.9183489583333337
        },
        "iterations": {
            "count": 12000,
            "rate": 199.99717670652217
        },
        "http_reqs": {
            "count": 24000,
            "rate": 399.99435341304434
        },
        "http_req_connecting": {
            "min": 0,
            "med": 0,
            "max": 3.671,
            "p(90)": 0,
            "p(95)": 0,
            "avg": 0.0024592083333333336
        }
    }
}