{
    "root_group": {
        "name": "",
        "path": "",
        "id": "d41d8cd98f00b204e9800998ecf8427e",
        "groups": {},
        "checks": {
                "connected (101)": {
                    "fails": 0,
                    "name": "connected (101)",
                    "path": "::connected (101)",
                    "id": "7c1c61207d5a703caf0a1d2341c06d0e",
                    "passes": 2000
                }
            }
    },
    "metrics": {
        "vus": {
            "max": 100,
            "value": 100,
            "min": 100
        },
        "ws_sessions": {
            "count": 2000,
            "rate": 33.1382940376405
        },
        "ws_msgs_received": {
            "count": 6000,
            "rate": 99.41488211292149
        },
        "vus_max": {
            "value": 100,
            "min": 100,
            "max": 100
        },
        "checks": {
            "passes": 2000,
            "fails": 0,
            "value": 1
        },
        "data_sent": {
            "count": 595840,
            "rate": 9872.560559693857
        },
        "iteration_duration": {
            "avg": 3016.7648662300026,
            "min": 3001.894375,
            "med": 3013.9923125,
            "max": 3052.573125,
            "p(90)": 3032.4835497,
            "p(95)": 3038.92163335
        },
        "data_received": {
            "rate": 15557.186364645802,
            "count": 938925
        },
        "iterations": {
            "rate": 33.1382940376405,
            "count": 2000
        },
        "ws_session_duration": {
            "p(95)": 3038.8598941,
            "avg": 3016.7081781475076,
            "min": 3001.86675,
            "med": 3013.9310415,
            "max": 3052.537125,
            "p(90)": 3032.4578914
        },
        "ws_connecting": {
            "min": 1.286959,
            "med": 11.997812,
            "max": 50.404334,
            "p(90)": 27.7063881,
            "p(95)": 36.30557085,
            "avg": 14.907192085499975
        },
        "ws_msgs_sent": {
            "rate": 66.276588075281,
            "count": 4000
        }
    }
}