{
    "root_group": {
        "name": "",
        "path": "",
        "id": "d41d8cd98f00b204e9800998ecf8427e",
        "groups": {},
        "checks": {
                "ok": {
                    "name": "ok",
                    "path": "::ok",
                    "id": "2385b52f13b6c5244d846734f1757fa3",
                    "passes": 4201,
                    "fails": 0
                }
            }
    },
    "metrics": {
        "http_req_failed": {
            "passes": 4072,
            "fails": 129,
            "thresholds": {
                "rate<0.001": true
            },
            "value": 0.9692930254701262
        },
        "checks{check:ok}": {
            "passes": 4201,
            "fails": 0,
            "thresholds": {
                "rate>0.999": false
            },
            "value": 1
        },
        "http_req_tls_handshaking": {
            "p(95)": 0,
            "avg": 0,
            "min": 0,
            "med": 0,
            "max": 0,
            "p(90)": 0
        },
        "http_reqs": {
            "count": 4201,
            "rate": 70.01252425898134
        },
        "http_req_duration{expected_response:true}": {
            "avg": 2.0964883720930234,
            "min": 0.605,
            "med": 1.893,
            "max": 5.961,
            "p(90)": 3.6682,
            "p(95)": 4.1384
        },
        "data_sent": {
            "rate": 4900.876698128694,
            "count": 294070
        },
        "http_req_waiting": {
            "avg": 2.052480599857183,
            "min": 0.417,
            "med": 1.655,
            "max": 39.699,
            "p(90)": 3.517,
            "p(95)": 4.898
        },
        "vus": {
            "max": 1,
            "value": 0,
            "min": 0
        },
        "iteration_duration": {
            "med": 2.030334,
            "max": 44.211959,
            "p(90)": 4.123125,
            "p(95)": 5.485167,
            "avg": 2.4505579857176856,
            "min": 0.513959
        },
        "vus_max": {
            "value": 20,
            "min": 20,
            "max": 20
        },
        "http_req_connecting": {
            "avg": 0.0117714829802428,
            "min": 0,
            "med": 0,
            "max": 10.433,
            "p(90)": 0,
            "p(95)": 0
        },
        "data_received": {
            "count": 1138415,
            "rate": 18972.46079606957
        },
        "iterations": {
            "count": 4201,
            "rate": 70.01252425898134
        },
        "http_req_duration": {
            "avg": 2.159506546060462,
            "min": 0.446,
            "med": 1.761,
            "max": 39.796,
            "p(90)": 3.705,
            "p(95)": 5.015
        },
        "checks": {
            "passes": 4201,
            "fails": 0,
            "value": 1
        },
        "http_req_sending": {
            "p(90)": 0.044,
            "p(95)": 0.053,
            "avg": 0.03582194715543952,
            "min": 0.002,
            "med": 0.029,
            "max": 9.679
        },
        "http_req_receiving": {
            "avg": 0.07120399904784598,
            "min": 0.006,
            "med": 0.06,
            "max": 3.717,
            "p(90)": 0.1,
            "p(95)": 0.122
        },
        "http_req_blocked": {
            "med": 0.01,
            "max": 12.357,
            "p(90)": 0.016,
            "p(95)": 0.019,
            "avg": 0.026375148774101614,
            "min": 0
        }
    }
}