{
    "metrics": {
        "http_req_failed": {
            "passes": 23391,
            "fails": 609,
            "thresholds": {
                "rate<0.001": true
            },
            "value": 0.974625
        },
        "data_sent": {
            "count": 1680000,
            "rate": 5599.967221525197
        },
        "checks{check:ok}": {
            "passes": 24000,
            "fails": 0,
            "thresholds": {
                "rate>0.999": false
            },
            "value": 1
        },
        "checks": {
            "passes": 24000,
            "fails": 0,
            "value": 1
        },
        "vus": {
            "value": 0,
            "min": 0,
            "max": 4
        },
        "http_reqs": {
            "count": 24000,
            "rate": 79.99953173607423
        },
        "vus_max": {
            "max": 20,
            "value": 20,
            "min": 20
        },
        "http_req_sending": {
            "avg": 0.03492004166666572,
            "min": 0.002,
            "med": 0.029,
            "max": 28.393,
            "p(90)": 0.044,
            "p(95)": 0.051
        },
        "iteration_duration": {
            "avg": 2.35784193195835,
            "min": 0.424792,
            "med": 1.964604,
            "max": 55.09775,
            "p(90)": 3.8588089000000005,
            "p(95)": 5.1265794999999965
        },
        "http_req_connecting": {
            "min": 0,
            "med": 0,
            "max": 14.477,
            "p(90)": 0,
            "p(95)": 0,
            "avg": 0.0017662916666666662
        },
        "http_req_receiving": {
            "p(90)": 0.097,
            "p(95)": 0.116,
            "avg": 0.07220862499999982,
            "min": 0.005,
            "med": 0.059,
            "max": 12.822
        },
        "http_req_waiting": {
            "p(95)": 4.53,
            "avg": 1.9778341666666526,
            "min": 0.36,
            "med": 1.604,
            "max": 54.849,
            "p(90)": 3.333
        },
        "iterations": {
            "count": 24000,
            "rate": 79.99953173607423
        },
        "http_req_tls_handshaking": {
            "max": 0,
            "p(90)": 0,
            "p(95)": 0,
            "avg": 0,
            "min": 0,
            "med": 0
        },
        "http_req_duration": {
            "avg": 2.0849628333333405,
            "min": 0.38,
            "med": 1.702,
            "max": 54.921,
            "p(90)": 3.472,
            "p(95)": 4.708049999999999
        },
        "http_req_duration{expected_response:true}": {
            "p(95)": 5.022999999999997,
            "avg": 2.2645517241379287,
            "min": 0.498,
            "med": 1.734,
            "max": 45.339,
            "p(90)": 3.8382000000000023
        },
        "http_req_blocked": {
            "p(90)": 0.014,
            "p(95)": 0.017,
            "avg": 0.012941458333332231,
            "min": 0,
            "med": 0.009,
            "max": 16.664
        },
        "data_received": {
            "count": 6507903,
            "rate": 21692.8830243247
        }
    },
    "root_group": {
        "name": "",
        "path": "",
        "id": "d41d8cd98f00b204e9800998ecf8427e",
        "groups": {},
        "checks": {
                "ok": {
                    "path": "::ok",
                    "id": "2385b52f13b6c5244d846734f1757fa3",
                    "passes": 24000,
                    "fails": 0,
                    "name": "ok"
                }
            }
    }
}