{
    "root_group": {
        "id": "d41d8cd98f00b204e9800998ecf8427e",
        "groups": {},
        "checks": {
                "ok": {
                    "passes": 5759,
                    "fails": 0,
                    "name": "ok",
                    "path": "::ok",
                    "id": "2385b52f13b6c5244d846734f1757fa3"
                }
            },
        "name": "",
        "path": ""
    },
    "metrics": {
        "http_req_duration{expected_response:true}": {
            "max": 5.34,
            "p(90)": 3.498,
            "p(95)": 4.268,
            "avg": 1.7978395061728396,
            "min": 0.381,
            "med": 1.374
        },
        "checks": {
            "passes": 5759,
            "fails": 0,
            "value": 1
        },
        "http_req_blocked": {
            "avg": 0.04111668692481096,
            "min": 0.001,
            "med": 0.007,
            "max": 20.305,
            "p(90)": 0.013,
            "p(95)": 0.015
        },
        "iteration_duration": {
            "avg": 1.7973008843549176,
            "min": 0.406167,
            "med": 1.334375,
            "max": 29.067792,
            "p(90)": 3.2517914,
            "p(95)": 4.643454199999994
        },
        "http_reqs": {
            "count": 5759,
            "rate": 159.9705469751053
        },
        "checks{check:ok}": {
            "fails": 0,
            "passes": 5759,
            "thresholds": {
                "rate>0.999": false
            },
            "value": 1
        },
        "http_req_duration": {
            "max": 28.927,
            "p(90)": 2.9012,
            "p(95)": 4.123799999999998,
            "avg": 1.5705695433234939,
            "min": 0.373,
            "med": 1.135
        },
        "vus_max": {
            "value": 80,
            "min": 80,
            "max": 80
        },
        "data_received": {
            "count": 1563775,
            "rate": 43437.739554782995
        },
        "http_req_receiving": {
            "med": 0.042,
            "max": 7.223,
            "p(90)": 0.081,
            "p(95)": 0.099,
            "avg": 0.05268918214967854,
            "min": 0.006
        },
        "vus": {
            "value": 0,
            "min": 0,
            "max": 4
        },
        "http_req_sending": {
            "avg": 0.027462927591595875,
            "min": 0.002,
            "med": 0.022,
            "max": 3.103,
            "p(90)": 0.036,
            "p(95)": 0.045099999999999744
        },
        "http_req_connecting": {
            "avg": 0.02959281125195345,
            "min": 0,
            "med": 0,
            "max": 17.581,
            "p(90)": 0,
            "p(95)": 0
        },
        "iterations": {
            "count": 5759,
            "rate": 159.9705469751053
        },
        "data_sent": {
            "count": 403130,
            "rate": 11197.93828825737
        },
        "http_req_failed": {
            "passes": 5678,
            "fails": 81,
            "thresholds": {
                "rate<0.001": true
            },
            "value": 0.9859350581698212
        },
        "http_req_waiting": {
            "p(90)": 2.7672,
            "p(95)": 3.991399999999999,
            "avg": 1.4904174335822158,
            "min": 0.342,
            "med": 1.061,
            "max": 28.881
        },
        "http_req_tls_handshaking": {
            "min": 0,
            "med": 0,
            "max": 0,
            "p(90)": 0,
            "p(95)": 0,
            "avg": 0
        }
    }
}