{
    "metrics": {
        "http_req_connecting": {
            "med": 0,
            "max": 119.552,
            "p(90)": 0,
            "p(95)": 0,
            "avg": 0.009103446826397644,
            "min": 0
        },
        "data_sent": {
            "count": 2751035,
            "rate": 45833.87077625262
        },
        "dropped_iterations": {
            "count": 106,
            "rate": 1.7660227159170194
        },
        "http_req_tls_handshaking": {
            "p(90)": 0,
            "p(95)": 0,
            "avg": 0,
            "min": 0,
            "med": 0,
            "max": 0
        },
        "http_reqs": {
            "count": 23790,
            "rate": 396.3554755817537
        },
        "http_req_sending": {
            "avg": 0.03021622530474871,
            "min": 0.001,
            "med": 0.014,
            "max": 24.068,
            "p(90)": 0.032,
            "p(95)": 0.042
        },
        "vus": {
            "min": 0,
            "max": 60,
            "value": 1
        },
        "http_req_failed": {
            "passes": 0,
            "fails": 23790,
            "thresholds": {
                "rate<0.01": false
            },
            "value": 0
        },
        "http_req_receiving": {
            "p(95)": 0.08754999999999893,
            "avg": 0.08952849936948161,
            "min": 0.005,
            "med": 0.032,
            "max": 126.676,
            "p(90)": 0.065
        },
        "checks": {
            "passes": 11895,
            "fails": 0,
            "value": 1
        },
        "http_req_duration{expected_response:true}": {
            "min": 0.2,
            "med": 0.671,
            "max": 566.964,
            "p(90)": 4.154,
            "p(95)": 16.13749999999999,
            "avg": 6.306452459016397
        },
        "data_received": {
            "count": 4356860,
            "rate": 72587.86537802099
        },
        "vus_max": {
            "min": 50,
            "max": 81,
            "value": 81
        },
        "http_req_blocked": {
            "p(95)": 0.013,
            "avg": 0.0322462379150884,
            "min": 0,
            "med": 0.004,
            "max": 280.195,
            "p(90)": 0.009
        },
        "iteration_duration": {
            "max": 710.582208,
            "p(90)": 10.568100200000002,
            "p(95)": 48.9736087,
            "avg": 14.057961626229554,
            "min": 0.680292,
            "med": 1.597042
        },
        "iterations": {
            "count": 11895,
            "rate": 198.17773779087685
        },
        "http_req_duration": {
            "p(90)": 4.154,
            "p(95)": 16.13749999999999,
            "avg": 6.306452459016397,
            "min": 0.2,
            "med": 0.671,
            "max": 566.964
        },
        "http_req_waiting": {
            "med": 0.613,
            "max": 566.93,
            "p(90)": 4.051300000000002,
            "p(95)": 15.775399999999992,
            "avg": 6.186707734342166,
            "min": 0.178
        }
    },
    "root_group": {
        "name": "",
        "path": "",
        "id": "d41d8cd98f00b204e9800998ecf8427e",
        "groups": {},
        "checks": {
                "ok": {
                    "fails": 0,
                    "name": "ok",
                    "path": "::ok",
                    "id": "2385b52f13b6c5244d846734f1757fa3",
                    "passes": 11895
                }
            }
    }
}