{
    "metrics": {
        "http_req_blocked": {
            "med": 0.004,
            "max": 275.485,
            "p(90)": 0.009,
            "p(95)": 0.012,
            "avg": 0.0273065393954587,
            "min": 0
        },
        "http_req_tls_handshaking": {
            "avg": 0,
            "min": 0,
            "med": 0,
            "max": 0,
            "p(90)": 0,
            "p(95)": 0
        },
        "iterations": {
            "count": 11943,
            "rate": 199.0414611213179
        },
        "iteration_duration": {
            "p(95)": 5.728691399999994,
            "avg": 3.7690830627982876,
            "min": 0.594958,
            "med": 1.514916,
            "max": 489.24025,
            "p(90)": 3.662457800000001
        },
        "vus": {
            "value": 1,
            "min": 0,
            "max": 9
        },
        "http_req_duration{expected_response:true}": {
            "avg": 1.5796208239135767,
            "min": 0.194,
            "med": 0.603,
            "max": 402.644,
            "p(90)": 1.603,
            "p(95)": 2.733749999999999
        },
        "http_req_duration": {
            "avg": 1.5796208239135767,
            "min": 0.194,
            "med": 0.603,
            "max": 402.644,
            "p(90)": 1.603,
            "p(95)": 2.733749999999999
        },
        "http_req_receiving": {
            "min": 0.005,
            "med": 0.031,
            "max": 325.998,
            "p(90)": 0.059,
            "p(95)": 0.077,
            "avg": 0.05686016913673094
        },
        "vus_max": {
            "value": 61,
            "min": 50,
            "max": 61
        },
        "http_reqs": {
            "rate": 398.0829222426358,
            "count": 23886
        },
        "http_req_sending": {
            "max": 261.97,
            "p(90)": 0.031,
            "p(95)": 0.039,
            "avg": 0.05157967009964181,
            "min": 0.001,
            "med": 0.014
        },
        "http_req_waiting": {
            "max": 402.583,
            "p(90)": 1.5025000000000004,
            "p(95)": 2.574749999999999,
            "avg": 1.4711809846772232,
            "min": 0.178,
            "med": 0.549
        },
        "data_sent": {
            "count": 2765425,
            "rate": 46088.43947261329
        },
        "checks": {
            "passes": 11943,
            "fails": 0,
            "value": 1
        },
        "data_received": {
            "count": 4377730,
            "rate": 72959.0367239912
        },
        "dropped_iterations": {
            "count": 57,
            "rate": 0.9499592467483144
        },
        "http_req_connecting": {
            "med": 0,
            "max": 29.535,
            "p(90)": 0,
            "p(95)": 0,
            "avg": 0.006652599849284099,
            "min": 0
        },
        "http_req_failed": {
            "passes": 0,
            "fails": 23886,
            "thresholds": {
                "rate<0.01": false
            },
            "value": 0
        }
    },
    "root_group": {
        "checks": {
            "ok": {
                "name": "ok",
                "path": "::ok",
                "id": "2385b52f13b6c5244d846734f1757fa3",
                "passes": 11943,
                "fails": 0
            }
        },
        "name": "",
        "path": "",
        "id": "d41d8cd98f00b204e9800998ecf8427e",
        "groups": {}
    }
}