{
    "root_group": {
        "name": "",
        "path": "",
        "id": "d41d8cd98f00b204e9800998ecf8427e",
        "groups": {},
        "checks": {
                "ok": {
                    "id": "2385b52f13b6c5244d846734f1757fa3",
                    "passes": 12001,
                    "fails": 0,
                    "name": "ok",
                    "path": "::ok"
                }
            }
    },
    "metrics": {
        "http_reqs": {
            "count": 24002,
            "rate": 400.02043267437955
        },
        "vus_max": {
            "value": 50,
            "min": 50,
            "max": 50
        },
        "http_req_sending": {
            "min": 0.001,
            "med": 0.017,
            "max": 3.12,
            "p(90)": 0.034,
            "p(95)": 0.042,
            "avg": 0.020682818098490586
        },
        "http_req_waiting": {
            "p(90)": 1.481,
            "p(95)": 2.0649499999999987,
            "avg": 0.8321358636780306,
            "min": 0.209,
            "med": 0.6094999999999999,
            "max": 23.2
        },
        "iterations": {
            "count": 12001,
            "rate": 200.01021633718977
        },
        "checks": {
            "passes": 12001,
            "fails": 0,
            "value": 1
        },
        "data_received": {
            "rate": 73348.40118072859,
            "count": 4401046
        },
        "iteration_duration": {
            "avg": 2.0968298125989517,
            "min": 0.6625,
            "med": 1.668083,
            "max": 36.427917,
            "p(90)": 3.415584,
            "p(95)": 4.208084
        },
        "http_req_failed": {
            "passes": 0,
            "fails": 24002,
            "thresholds": {
                "rate<0.01": false
            },
            "value": 0
        },
        "http_req_connecting": {
            "min": 0,
            "med": 0,
            "max": 1.451,
            "p(90)": 0,
            "p(95)": 0,
            "avg": 0.001524456295308724
        },
        "http_req_receiving": {
            "min": 0.006,
            "med": 0.035,
            "max": 5.533,
            "p(90)": 0.072,
            "p(95)": 0.093,
            "avg": 0.043445879510040385
        },
        "http_req_duration": {
            "p(95)": 2.188949999999999,
            "avg": 0.8962645612865696,
            "min": 0.227,
            "med": 0.668,
            "max": 23.404,
            "p(90)": 1.583
        },
        "http_req_duration{expected_response:true}": {
            "avg": 0.8962645612865696,
            "min": 0.227,
            "med": 0.668,
            "max": 23.404,
            "p(90)": 1.583,
            "p(95)": 2.188949999999999
        },
        "data_sent": {
            "count": 2780911,
            "rate": 46347.021975207965
        },
        "vus": {
            "value": 1,
            "min": 0,
            "max": 1
        },
        "http_req_blocked": {
            "max": 2.817,
            "p(90)": 0.009,
            "p(95)": 0.011,
            "avg": 0.007162986417797626,
            "min": 0,
            "med": 0.005
        },
        "http_req_tls_handshaking": {
            "min": 0,
            "med": 0,
            "max": 0,
            "p(90)": 0,
            "p(95)": 0,
            "avg": 0
        }
    }
}