{
    "root_group": {
        "name": "",
        "path": "",
        "id": "d41d8cd98f00b204e9800998ecf8427e",
        "groups": {},
        "checks": {
                "ok": {
                    "id": "2385b52f13b6c5244d846734f1757fa3",
                    "passes": 12001,
                    "fails": 0,
                    "name": "ok",
                    "path": "::ok"
                }
            }
    },
    "metrics": {
        "http_req_duration{expected_response:true}": {
            "med": 0.771,
            "max": 99.912,
            "p(90)": 2.117,
            "p(95)": 3.096899999999998,
            "avg": 1.203068619281712,
            "min": 0.194
        },
        "http_req_sending": {
            "min": 0.002,
            "med": 0.017,
            "max": 3.006,
            "p(90)": 0.039,
            "p(95)": 0.049,
            "avg": 0.024782934755435984
        },
        "data_sent": {
            "count": 2780909,
            "rate": 46345.428397178155
        },
        "http_req_receiving": {
            "min": 0.006,
            "med": 0.035,
            "max": 11.538,
            "p(90)": 0.096,
            "p(95)": 0.136,
            "avg": 0.06335797016915175
        },
        "iterations": {
            "count": 12001,
            "rate": 200.00348310373874
        },
        "iteration_duration": {
            "max": 101.48725,
            "p(90)": 4.592583,
            "p(95)": 6.068209,
            "avg": 2.784820352970574,
            "min": 0.670917,
            "med": 1.989584
        },
        "vus": {
            "value": 1,
            "min": 0,
            "max": 9
        },
        "checks": {
            "passes": 12001,
            "fails": 0,
            "value": 1
        },
        "http_req_connecting": {
            "avg": 0.006863386384467963,
            "min": 0,
            "med": 0,
            "max": 32.846,
            "p(90)": 0,
            "p(95)": 0
        },
        "data_received": {
            "count": 4401044,
            "rate": 73345.89861618288
        },
        "vus_max": {
            "min": 50,
            "max": 50,
            "value": 50
        },
        "http_req_blocked": {
            "p(95)": 0.012,
            "avg": 0.013706982751435363,
            "min": 0,
            "med": 0.005,
            "max": 32.885,
            "p(90)": 0.01
        },
        "http_reqs": {
            "count": 24002,
            "rate": 400.0069662074775
        },
        "http_req_duration": {
            "avg": 1.203068619281712,
            "min": 0.194,
            "med": 0.771,
            "max": 99.912,
            "p(90)": 2.117,
            "p(95)": 3.096899999999998
        },
        "http_req_tls_handshaking": {
            "min": 0,
            "med": 0,
            "max": 0,
            "p(90)": 0,
            "p(95)": 0,
            "avg": 0
        },
        "http_req_waiting": {
            "med": 0.701,
            "max": 99.878,
            "p(90)": 1.9289000000000005,
            "p(95)": 2.886899999999998,
            "avg": 1.1149277143571383,
            "min": 0.18
        },
        "http_req_failed": {
            "passes": 0,
            "fails": 24002,
            "thresholds": {
                "rate<0.01": false
            },
            "value": 0
        }
    }
}