{
    "root_group": {
        "name": "",
        "path": "",
        "id": "d41d8cd98f00b204e9800998ecf8427e",
        "groups": {},
        "checks": {
                "ok": {
                    "path": "::ok",
                    "id": "2385b52f13b6c5244d846734f1757fa3",
                    "passes": 4200,
                    "fails": 0,
                    "name": "ok"
                }
            }
    },
    "metrics": {
        "data_sent": {
            "count": 294000,
            "rate": 4899.821646492068
        },
        "iteration_duration": {
            "avg": 3.251522453095236,
            "min": 0.699792,
            "med": 2.2855835,
            "max": 104.43025,
            "p(90)": 5.466970900000002,
            "p(95)": 7.530333299999996
        },
        "data_received": {
            "count": 1342896,
            "rate": 22380.785339413644
        },
        "http_req_connecting": {
            "avg": 0.03672238095238096,
            "min": 0,
            "med": 0,
            "max": 31.201,
            "p(90)": 0,
            "p(95)": 0
        },
        "http_req_sending": {
            "med": 0.024,
            "max": 2.948,
            "p(90)": 0.041,
            "p(95)": 0.05904999999999981,
            "avg": 0.03481523809523842,
            "min": 0.006
        },
        "checks{check:ok}": {
            "passes": 4200,
            "fails": 0,
            "thresholds": {
                "rate>0.999": false
            },
            "value": 1
        },
        "http_req_duration": {
            "med": 2.004,
            "max": 104.099,
            "p(90)": 4.952700000000001,
            "p(95)": 6.9802,
            "avg": 2.9199252380952476,
            "min": 0.647
        },
        "http_req_blocked": {
            "avg": 0.05413928571428622,
            "min": 0.001,
            "med": 0.008,
            "max": 50.263,
            "p(90)": 0.012,
            "p(95)": 0.018
        },
        "iterations": {
            "rate": 69.99745209274383,
            "count": 4200
        },
        "http_req_tls_handshaking": {
            "avg": 0,
            "min": 0,
            "med": 0,
            "max": 0,
            "p(90)": 0,
            "p(95)": 0
        },
        "http_req_failed": {
            "passes": 4071,
            "fails": 129,
            "thresholds": {
                "rate<0.001": true
            },
            "value": 0.9692857142857143
        },
        "vus": {
            "value": 0,
            "min": 0,
            "max": 2
        },
        "http_req_receiving": {
            "p(90)": 0.109,
            "p(95)": 0.1570499999999998,
            "avg": 0.0816226190476189,
            "min": 0.007,
            "med": 0.059,
            "max": 9.367
        },
        "vus_max": {
            "max": 20,
            "value": 20,
            "min": 20
        },
        "checks": {
            "passes": 4200,
            "fails": 0,
            "value": 1
        },
        "http_reqs": {
            "count": 4200,
            "rate": 69.99745209274383
        },
        "http_req_duration{expected_response:true}": {
            "avg": 3.0058217054263574,
            "min": 0.857,
            "med": 2.127,
            "max": 17.434,
            "p(90)": 6.1174,
            "p(95)": 6.927199999999999
        },
        "http_req_waiting": {
            "med": 1.8925,
            "max": 104.021,
            "p(90)": 4.807,
            "p(95)": 6.806399999999998,
            "avg": 2.8034873809523773,
            "min": 0.57
        }
    }
}