{
    "metrics": {
        "data_received": {
            "count": 7670616,
            "rate": 25567.66729391195
        },
        "http_req_failed": {
            "passes": 23391,
            "fails": 609,
            "thresholds": {
                "rate<0.001": true
            },
            "value": 0.974625
        },
        "vus": {
            "value": 0,
            "min": 0,
            "max": 3
        },
        "iteration_duration": {
            "avg": 3.0631324159166686,
            "min": 0.501417,
            "med": 2.4231665,
            "max": 84.732542,
            "p(90)": 5.384345800000001,
            "p(95)": 7.0816326999999974
        },
        "http_req_tls_handshaking": {
            "avg": 0,
            "min": 0,
            "med": 0,
            "max": 0,
            "p(90)": 0,
            "p(95)": 0
        },
        "http_req_waiting": {
            "avg": 2.6282915416666843,
            "min": 0.437,
            "med": 2.021,
            "max": 82.58,
            "p(90)": 4.7551000000000005,
            "p(95)": 6.325199999999996
        },
        "checks": {
            "fails": 0,
            "passes": 24000,
            "value": 1
        },
        "http_reqs": {
            "rate": 79.99670626894721,
            "count": 24000
        },
        "http_req_sending": {
            "p(90)": 0.045,
            "p(95)": 0.06,
            "avg": 0.03829458333333218,
            "min": 0.002,
            "med": 0.026,
            "max": 13.28
        },
        "http_req_receiving": {
            "min": 0.008,
            "med": 0.063,
            "max": 21.825,
            "p(90)": 0.114,
            "p(95)": 0.16,
            "avg": 0.08847462500000006
        },
        "http_req_connecting": {
            "min": 0,
            "med": 0,
            "max": 21.541,
            "p(90)": 0,
            "p(95)": 0,
            "avg": 0.002522083333333333
        },
        "http_req_duration{expected_response:true}": {
            "avg": 3.962568144499183,
            "min": 0.868,
            "med": 3.154,
            "max": 18.007,
            "p(90)": 7.4190000000000005,
            "p(95)": 8.979599999999998
        },
        "data_sent": {
            "count": 1680000,
            "rate": 5599.769438826305
        },
        "vus_max": {
            "max": 20,
            "value": 20,
            "min": 20
        },
        "checks{check:ok}": {
            "passes": 24000,
            "fails": 0,
            "thresholds": {
                "rate>0.999": false
            },
            "value": 1
        },
        "iterations": {
            "count": 24000,
            "rate": 79.99670626894721
        },
        "http_req_duration": {
            "avg": 2.7550607500000144,
            "min": 0.457,
            "med": 2.144,
            "max": 82.654,
            "p(90)": 4.940100000000001,
            "p(95)": 6.545049999999999
        },
        "http_req_blocked": {
            "min": 0.001,
            "med": 0.008,
            "max": 23.583,
            "p(90)": 0.014,
            "p(95)": 0.018,
            "avg": 0.015905124999998316
        }
    },
    "root_group": {
        "id": "d41d8cd98f00b204e9800998ecf8427e",
        "groups": {},
        "checks": {
                "ok": {
                    "name": "ok",
                    "path": "::ok",
                    "id": "2385b52f13b6c5244d846734f1757fa3",
                    "passes": 24000,
                    "fails": 0
                }
            },
        "name": "",
        "path": ""
    }
}