{
    "root_group": {
        "name": "",
        "path": "",
        "id": "d41d8cd98f00b204e9800998ecf8427e",
        "groups": {},
        "checks": {
                "ok": {
                    "id": "2385b52f13b6c5244d846734f1757fa3",
                    "passes": 24001,
                    "fails": 0,
                    "name": "ok",
                    "path": "::ok"
                }
            }
    },
    "metrics": {
        "http_req_tls_handshaking": {
            "avg": 0,
            "min": 0,
            "med": 0,
            "max": 0,
            "p(90)": 0,
            "p(95)": 0
        },
        "iteration_duration": {
            "p(90)": 5.082958,
            "p(95)": 7.159667,
            "avg": 2.953302646139747,
            "min": 0.47475,
            "med": 2.175708,
            "max": 84.061916
        },
        "vus": {
            "value": 0,
            "min": 0,
            "max": 2
        },
        "data_received": {
            "count": 7670935,
            "rate": 25569.282601549054
        },
        "http_req_failed": {
            "passes": 23392,
            "fails": 609,
            "thresholds": {
                "rate<0.001": true
            },
            "value": 0.9746260572476146
        },
        "http_req_duration{expected_response:true}": {
            "avg": 2.8727290640394116,
            "min": 0.884,
            "med": 1.979,
            "max": 28.789,
            "p(90)": 4.933800000000001,
            "p(95)": 7.236999999999994
        },
        "http_req_sending": {
            "min": 0.002,
            "med": 0.023,
            "max": 11.286,
            "p(90)": 0.039,
            "p(95)": 0.054,
            "avg": 0.03505095621015751
        },
        "data_sent": {
            "count": 1680070,
            "rate": 5600.1236642449085
        },
        "http_reqs": {
            "count": 24001,
            "rate": 80.00176663207012
        },
        "http_req_blocked": {
            "p(90)": 0.012,
            "p(95)": 0.015,
            "avg": 0.01445181450772644,
            "min": 0.001,
            "med": 0.008,
            "max": 18.665
        },
        "http_req_receiving": {
            "p(90)": 0.101,
            "p(95)": 0.149,
            "avg": 0.08363172367817964,
            "min": 0.007,
            "med": 0.056,
            "max": 22.494
        },
        "http_req_duration": {
            "p(90)": 4.643,
            "p(95)": 6.557,
            "avg": 2.659086788050499,
            "min": 0.441,
            "med": 1.913,
            "max": 83.985
        },
        "http_req_connecting": {
            "avg": 0.00216236823465689,
            "min": 0,
            "med": 0,
            "max": 12.042,
            "p(90)": 0,
            "p(95)": 0
        },
        "checks{check:ok}": {
            "fails": 0,
            "passes": 24001,
            "thresholds": {
                "rate>0.999": false
            },
            "value": 1
        },
        "checks": {
            "passes": 24001,
            "fails": 0,
            "value": 1
        },
        "iterations": {
            "count": 24001,
            "rate": 80.00176663207012
        },
        "vus_max": {
            "value": 20,
            "min": 20,
            "max": 20
        },
        "http_req_waiting": {
            "med": 1.811,
            "max": 83.955,
            "p(90)": 4.473,
            "p(95)": 6.297,
            "avg": 2.5404041081621718,
            "min": 0.423
        }
    }
}