{
    "metrics": {
        "http_req_sending": {
            "avg": 0.0358492146160569,
            "min": 0.004,
            "med": 0.028,
            "max": 5.177,
            "p(90)": 0.046,
            "p(95)": 0.057
        },
        "http_req_blocked": {
            "med": 0.009,
            "max": 34.29,
            "p(90)": 0.015,
            "p(95)": 0.018,
            "avg": 0.015880421649096102,
            "min": 0.001
        },
        "http_req_receiving": {
            "p(95)": 0.144,
            "avg": 0.08455076871797011,
            "min": 0.009,
            "med": 0.065,
            "max": 15.132,
            "p(90)": 0.112
        },
        "data_received": {
            "count": 7670935,
            "rate": 25569.287970994377
        },
        "checks": {
            "fails": 0,
            "passes": 24001,
            "value": 1
        },
        "http_req_failed": {
            "passes": 23392,
            "fails": 609,
            "thresholds": {
                "rate<0.001": true
            },
            "value": 0.9746260572476146
        },
        "http_reqs": {
            "count": 24001,
            "rate": 80.00178343211564
        },
        "http_req_waiting": {
            "p(90)": 4.365,
            "p(95)": 5.6,
            "avg": 2.4802866130578067,
            "min": 0.457,
            "med": 2.025,
            "max": 41.688
        },
        "iterations": {
            "count": 24001,
            "rate": 80.00178343211564
        },
        "http_req_tls_handshaking": {
            "max": 0,
            "p(90)": 0,
            "p(95)": 0,
            "avg": 0,
            "min": 0,
            "med": 0
        },
        "http_req_duration": {
            "p(90)": 4.534,
            "p(95)": 5.778,
            "avg": 2.6006865963918204,
            "min": 0.49,
            "med": 2.138,
            "max": 41.729
        },
        "http_req_connecting": {
            "min": 0,
            "med": 0,
            "max": 28.124,
            "p(90)": 0,
            "p(95)": 0,
            "avg": 0.0037092621140785804
        },
        "vus": {
            "max": 2,
            "value": 0,
            "min": 0
        },
        "data_sent": {
            "count": 1680070,
            "rate": 5600.124840248095
        },
        "checks{check:ok}": {
            "passes": 24001,
            "fails": 0,
            "thresholds": {
                "rate>0.999": false
            },
            "value": 1
        },
        "iteration_duration": {
            "p(90)": 4.921708,
            "p(95)": 6.259625,
            "avg": 2.8894990458730914,
            "min": 0.566917,
            "med": 2.398583,
            "max": 41.869417
        },
        "http_req_duration{expected_response:true}": {
            "avg": 3.4154745484400633,
            "min": 0.872,
            "med": 2.668,
            "max": 27.995,
            "p(90)": 6.1012,
            "p(95)": 7.858399999999998
        },
        "vus_max": {
            "max": 20,
            "value": 20,
            "min": 20
        }
    },
    "root_group": {
        "groups": {},
        "checks": {
                "ok": {
                    "path": "::ok",
                    "id": "2385b52f13b6c5244d846734f1757fa3",
                    "passes": 24001,
                    "fails": 0,
                    "name": "ok"
                }
            },
        "name": "",
        "path": "",
        "id": "d41d8cd98f00b204e9800998ecf8427e"
    }
}