{
    "root_group": {
        "name": "",
        "path": "",
        "id": "d41d8cd98f00b204e9800998ecf8427e",
        "groups": {},
        "checks": {
                "ok": {
                    "fails": 0,
                    "name": "ok",
                    "path": "::ok",
                    "id": "2385b52f13b6c5244d846734f1757fa3",
                    "passes": 5760
                }
            }
    },
    "metrics": {
        "data_received": {
            "count": 1839384,
            "rate": 51087.98722772544
        },
        "http_req_connecting": {
            "med": 0,
            "max": 12.472,
            "p(90)": 0,
            "p(95)": 0,
            "avg": 0.03244392361111112,
            "min": 0
        },
        "http_req_waiting": {
            "avg": 1.7929256944444416,
            "min": 0.338,
            "med": 1.16,
            "max": 24.763,
            "p(90)": 3.5911000000000004,
            "p(95)": 4.916499999999997
        },
        "vus_max": {
            "min": 80,
            "max": 80,
            "value": 80
        },
        "http_req_duration": {
            "avg": 1.893961458333338,
            "min": 0.357,
            "med": 1.2555,
            "max": 24.814,
            "p(90)": 3.755,
            "p(95)": 5.1301499999999995
        },
        "http_req_sending": {
            "min": 0.003,
            "med": 0.019,
            "max": 4.13,
            "p(90)": 0.033,
            "p(95)": 0.057,
            "avg": 0.029517187499999903
        },
        "iteration_duration": {
            "avg": 2.1811970503472247,
            "min": 0.403208,
            "med": 1.4903125,
            "max": 24.964167,
            "p(90)": 4.2584131,
            "p(95)": 5.843412199999997
        },
        "http_req_duration{expected_response:true}": {
            "max": 8.433,
            "p(90)": 5.343,
            "p(95)": 6.317,
            "avg": 2.8390864197530856,
            "min": 0.782,
            "med": 2.327
        },
        "http_req_tls_handshaking": {
            "min": 0,
            "med": 0,
            "max": 0,
            "p(90)": 0,
            "p(95)": 0,
            "avg": 0
        },
        "http_req_failed": {
            "passes": 5679,
            "fails": 81,
            "thresholds": {
                "rate<0.001": true
            },
            "value": 0.9859375
        },
        "http_reqs": {
            "count": 5760,
            "rate": 159.98117110494522
        },
        "http_req_receiving": {
            "min": 0.006,
            "med": 0.045,
            "max": 8.987,
            "p(90)": 0.09,
            "p(95)": 0.14,
            "avg": 0.07151857638888869
        },
        "http_req_blocked": {
            "p(90)": 0.01,
            "p(95)": 0.014,
            "avg": 0.04356753472222063,
            "min": 0.001,
            "med": 0.006,
            "max": 14.448
        },
        "data_sent": {
            "count": 403200,
            "rate": 11198.681977346165
        },
        "iterations": {
            "count": 5760,
            "rate": 159.98117110494522
        },
        "vus": {
            "value": 0,
            "min": 0,
            "max": 3
        },
        "checks": {
            "passes": 5760,
            "fails": 0,
            "value": 1
        },
        "checks{check:ok}": {
            "passes": 5760,
            "fails": 0,
            "thresholds": {
                "rate>0.999": false
            },
            "value": 1
        }
    }
}