{
    "metrics": {
        "iterations": {
            "count": 5760,
            "rate": 159.945556309805
        },
        "checks{check:ok}": {
            "passes": 5760,
            "fails": 0,
            "thresholds": {
                "rate>0.999": false
            },
            "value": 1
        },
        "iteration_duration": {
            "avg": 2.623498305555558,
            "min": 0.485958,
            "med": 1.536167,
            "max": 84.280417,
            "p(90)": 4.6873747,
            "p(95)": 7.41095865
        },
        "http_reqs": {
            "count": 5760,
            "rate": 159.945556309805
        },
        "http_req_waiting": {
            "avg": 2.2292673611111145,
            "min": 0.418,
            "med": 1.225,
            "max": 84.006,
            "p(90)": 3.943,
            "p(95)": 6.136049999999984
        },
        "http_req_receiving": {
            "avg": 0.0685682291666664,
            "min": 0.005,
            "med": 0.043,
            "max": 6.864,
            "p(90)": 0.09,
            "p(95)": 0.145
        },
        "http_req_duration{expected_response:true}": {
            "min": 0.898,
            "med": 2.546,
            "max": 17.55,
            "p(90)": 5.505,
            "p(95)": 6.83,
            "avg": 3.1275925925925923
        },
        "http_req_sending": {
            "max": 12.847,
            "p(90)": 0.034,
            "p(95)": 0.065,
            "avg": 0.031219618055555357,
            "min": 0.002,
            "med": 0.018
        },
        "data_sent": {
            "count": 403200,
            "rate": 11196.18894168635
        },
        "http_req_failed": {
            "passes": 5679,
            "fails": 81,
            "thresholds": {
                "rate<0.001": true
            },
            "value": 0.9859375
        },
        "http_req_tls_handshaking": {
            "p(95)": 0,
            "avg": 0,
            "min": 0,
            "med": 0,
            "max": 0,
            "p(90)": 0
        },
        "http_req_blocked": {
            "min": 0.001,
            "med": 0.006,
            "max": 16.275,
            "p(90)": 0.01,
            "p(95)": 0.015,
            "avg": 0.051079340277773215
        },
        "http_req_connecting": {
            "avg": 0.037809548611111105,
            "min": 0,
            "med": 0,
            "max": 14.432,
            "p(90)": 0,
            "p(95)": 0
        },
        "data_received": {
            "count": 1839384,
            "rate": 51076.61408808235
        },
        "checks": {
            "fails": 0,
            "passes": 5760,
            "value": 1
        },
        "vus": {
            "max": 4,
            "value": 0,
            "min": 0
        },
        "http_req_duration": {
            "p(90)": 4.086200000000001,
            "p(95)": 6.508599999999987,
            "avg": 2.3290552083333353,
            "min": 0.442,
            "med": 1.312,
            "max": 84.098
        },
        "vus_max": {
            "value": 80,
            "min": 80,
            "max": 80
        }
    },
    "root_group": {
        "name": "",
        "path": "",
        "id": "d41d8cd98f00b204e9800998ecf8427e",
        "groups": {},
        "checks": {
                "ok": {
                    "name": "ok",
                    "path": "::ok",
                    "id": "2385b52f13b6c5244d846734f1757fa3",
                    "passes": 5760,
                    "fails": 0
                }
            }
    }
}