{
    "metrics": {
        "http_req_blocked": {
            "p(90)": 0.011,
            "p(95)": 0.014,
            "avg": 0.0179465815419422,
            "min": 0.001,
            "med": 0.007,
            "max": 14.506
        },
        "vus": {
            "value": 0,
            "min": 0,
            "max": 4
        },
        "iteration_duration": {
            "max": 177.430167,
            "p(90)": 4.3966125,
            "p(95)": 6.284848349999997,
            "avg": 2.694226613382886,
            "min": 0.544667,
            "med": 1.7658545
        },
        "data_sent": {
            "count": 866180,
            "rate": 9624.079785841392
        },
        "http_reqs": {
            "count": 12374,
            "rate": 137.48685408344843
        },
        "http_req_duration{expected_response:true}": {
            "avg": 3.996433862433863,
            "min": 0.911,
            "med": 2.167,
            "max": 177.112,
            "p(90)": 5.6166,
            "p(95)": 7.7423999999999955
        },
        "http_req_sending": {
            "p(90)": 0.035,
            "p(95)": 0.05,
            "avg": 0.030953046710844347,
            "min": 0.002,
            "med": 0.021,
            "max": 6.439
        },
        "http_req_waiting": {
            "avg": 2.3305373363504143,
            "min": 0.434,
            "med": 1.418,
            "max": 177.013,
            "p(90)": 3.8475000000000015,
            "p(95)": 5.526849999999993
        },
        "data_received": {
            "count": 3951842,
            "rate": 43908.705706711095
        },
        "vus_max": {
            "min": 50,
            "max": 50,
            "value": 50
        },
        "iterations": {
            "count": 12374,
            "rate": 137.48685408344843
        },
        "http_req_duration": {
            "avg": 2.434518425731374,
            "min": 0.468,
            "med": 1.5185,
            "max": 177.112,
            "p(90)": 4.0267,
            "p(95)": 5.728349999999999
        },
        "checks{check:ok}": {
            "passes": 12374,
            "fails": 0,
            "thresholds": {
                "rate>0.999": false
            },
            "value": 1
        },
        "checks": {
            "passes": 12374,
            "fails": 0,
            "value": 1
        },
        "http_req_failed": {
            "passes": 12185,
            "fails": 189,
            "thresholds": {
                "rate<0.001": true
            },
            "value": 0.984726038467755
        },
        "http_req_receiving": {
            "avg": 0.07302804267011469,
            "min": 0.008,
            "med": 0.051,
            "max": 7.824,
            "p(90)": 0.093,
            "p(95)": 0.136
        },
        "http_req_connecting": {
            "med": 0,
            "max": 12.268,
            "p(90)": 0,
            "p(95)": 0,
            "avg": 0.006686843381283337,
            "min": 0
        },
        "http_req_tls_handshaking": {
            "min": 0,
            "med": 0,
            "max": 0,
            "p(90)": 0,
            "p(95)": 0,
            "avg": 0
        }
    },
    "root_group": {
        "checks": {
            "ok": {
                "name": "ok",
                "path": "::ok",
                "id": "2385b52f13b6c5244d846734f1757fa3",
                "passes": 12374,
                "fails": 0
            }
        },
        "name": "",
        "path": "",
        "id": "d41d8cd98f00b204e9800998ecf8427e",
        "groups": {}
    }
}