{
    "root_group": {
        "name": "",
        "path": "",
        "id": "d41d8cd98f00b204e9800998ecf8427e",
        "groups": {},
        "checks": {
                "ok": {
                    "name": "ok",
                    "path": "::ok",
                    "id": "2385b52f13b6c5244d846734f1757fa3",
                    "passes": 12374,
                    "fails": 0
                }
            }
    },
    "metrics": {
        "data_received": {
            "count": 3951842,
            "rate": 43909.0301408544
        },
        "checks": {
            "passes": 12374,
            "fails": 0,
            "value": 1
        },
        "http_req_duration{expected_response:true}": {
            "min": 0.808,
            "med": 1.915,
            "max": 34.146,
            "p(90)": 4.1533999999999995,
            "p(95)": 5.519199999999998,
            "avg": 2.808211640211641
        },
        "iteration_duration": {
            "max": 76.006833,
            "p(90)": 4.162708,
            "p(95)": 5.5891478999999995,
            "avg": 2.4199974161952396,
            "min": 0.496792,
            "med": 1.757312
        },
        "vus": {
            "value": 0,
            "min": 0,
            "max": 2
        },
        "http_req_connecting": {
            "p(90)": 0,
            "p(95)": 0,
            "avg": 0.007229998383707775,
            "min": 0,
            "med": 0,
            "max": 14.469
        },
        "http_req_sending": {
            "p(90)": 0.034,
            "p(95)": 0.047,
            "avg": 0.03478317439792965,
            "min": 0.002,
            "med": 0.02,
            "max": 46.895
        },
        "http_req_failed": {
            "passes": 12185,
            "fails": 189,
            "thresholds": {
                "rate<0.001": true
            },
            "value": 0.984726038467755
        },
        "iterations": {
            "count": 12374,
            "rate": 137.48786995100824
        },
        "data_sent": {
            "count": 866180,
            "rate": 9624.150896570576
        },
        "http_reqs": {
            "count": 12374,
            "rate": 137.48786995100824
        },
        "http_req_tls_handshaking": {
            "avg": 0,
            "min": 0,
            "med": 0,
            "max": 0,
            "p(90)": 0,
            "p(95)": 0
        },
        "vus_max": {
            "value": 50,
            "min": 50,
            "max": 50
        },
        "http_req_blocked": {
            "p(90)": 0.011,
            "p(95)": 0.014,
            "avg": 0.01783271375464592,
            "min": 0.001,
            "med": 0.007,
            "max": 18.557
        },
        "http_req_duration": {
            "avg": 2.1766845805721657,
            "min": 0.464,
            "med": 1.529,
            "max": 73.828,
            "p(90)": 3.7917,
            "p(95)": 5.173349999999999
        },
        "http_req_waiting": {
            "med": 1.438,
            "max": 64.891,
            "p(90)": 3.6517000000000004,
            "p(95)": 4.980749999999997,
            "avg": 2.073152577986109,
            "min": 0.445
        },
        "checks{check:ok}": {
            "passes": 12374,
            "fails": 0,
            "thresholds": {
                "rate>0.999": false
            },
            "value": 1
        },
        "http_req_receiving": {
            "min": 0.007,
            "med": 0.05,
            "max": 8.252,
            "p(90)": 0.088,
            "p(95)": 0.13,
            "avg": 0.06874882818813594
        }
    }
}