{
    "root_group": {
        "id": "d41d8cd98f00b204e9800998ecf8427e",
        "groups": {},
        "checks": {
                "ok": {
                    "id": "2385b52f13b6c5244d846734f1757fa3",
                    "passes": 4201,
                    "fails": 0,
                    "name": "ok",
                    "path": "::ok"
                }
            },
        "name": "",
        "path": ""
    },
    "metrics": {
        "http_req_receiving": {
            "med": 0.047,
            "max": 2.46,
            "p(90)": 0.086,
            "p(95)": 0.106,
            "avg": 0.05812616043799102,
            "min": 0.008
        },
        "data_received": {
            "count": 1142616,
            "rate": 19042.569479614995
        },
        "http_req_blocked": {
            "min": 0.001,
            "med": 0.007,
            "max": 15.899,
            "p(90)": 0.012,
            "p(95)": 0.015,
            "avg": 0.02113449178766933
        },
        "http_req_connecting": {
            "p(90)": 0,
            "p(95)": 0,
            "avg": 0.011460604617948103,
            "min": 0,
            "med": 0,
            "max": 13.332
        },
        "iterations": {
            "count": 4201,
            "rate": 70.01287780309622
        },
        "http_req_failed": {
            "passes": 4072,
            "fails": 129,
            "thresholds": {
                "rate<0.001": true
            },
            "value": 0.9692930254701262
        },
        "http_req_sending": {
            "avg": 0.02858843132587535,
            "min": 0.002,
            "med": 0.02,
            "max": 4.67,
            "p(90)": 0.037,
            "p(95)": 0.046
        },
        "http_req_duration": {
            "p(95)": 4.559,
            "avg": 1.9733670554629854,
            "min": 0.524,
            "med": 1.476,
            "max": 30.298,
            "p(90)": 3.383
        },
        "vus_max": {
            "value": 20,
            "min": 20,
            "max": 20
        },
        "checks": {
            "passes": 4201,
            "fails": 0,
            "value": 1
        },
        "http_req_waiting": {
            "min": 0.488,
            "med": 1.396,
            "max": 30.215,
            "p(90)": 3.26,
            "p(95)": 4.409,
            "avg": 1.8866524636991227
        },
        "iteration_duration": {
            "p(95)": 4.901458,
            "avg": 2.2057273501547248,
            "min": 0.615542,
            "med": 1.677833,
            "max": 30.542791,
            "p(90)": 3.718084
        },
        "http_req_duration{expected_response:true}": {
            "avg": 2.3546201550387598,
            "min": 0.565,
            "med": 1.498,
            "max": 23.169,
            "p(90)": 4.042200000000001,
            "p(95)": 6.2213999999999965
        },
        "vus": {
            "value": 0,
            "min": 0,
            "max": 1
        },
        "data_sent": {
            "count": 298271,
            "rate": 4970.914324019832
        },
        "http_req_tls_handshaking": {
            "min": 0,
            "med": 0,
            "max": 0,
            "p(90)": 0,
            "p(95)": 0,
            "avg": 0
        },
        "checks{check:ok}": {
            "passes": 4201,
            "fails": 0,
            "thresholds": {
                "rate>0.999": false
            },
            "value": 1
        },
        "http_reqs": {
            "count": 4201,
            "rate": 70.01287780309622
        }
    }
}