{
    "root_group": {
        "name": "",
        "path": "",
        "id": "d41d8cd98f00b204e9800998ecf8427e",
        "groups": {},
        "checks": {
                "ok": {
                    "passes": 24001,
                    "fails": 0,
                    "name": "ok",
                    "path": "::ok",
                    "id": "2385b52f13b6c5244d846734f1757fa3"
                }
            }
    },
    "metrics": {
        "http_req_duration{expected_response:true}": {
            "avg": 2.59029392446634,
            "min": 0.584,
            "med": 1.55,
            "max": 34.565,
            "p(90)": 5.593800000000002,
            "p(95)": 8.203399999999998
        },
        "http_req_sending": {
            "avg": 0.025049831257030124,
            "min": 0.002,
            "med": 0.019,
            "max": 4.856,
            "p(90)": 0.032,
            "p(95)": 0.041
        },
        "data_received": {
            "rate": 21773.81171157642,
            "count": 6532176
        },
        "http_req_failed": {
            "passes": 23392,
            "fails": 609,
            "thresholds": {
                "rate<0.001": true
            },
            "value": 0.9746260572476146
        },
        "vus": {
            "value": 0,
            "min": 0,
            "max": 2
        },
        "vus_max": {
            "value": 20,
            "min": 20,
            "max": 20
        },
        "http_reqs": {
            "count": 24001,
            "rate": 80.00293545206769
        },
        "iteration_duration": {
            "avg": 2.0988142865297283,
            "min": 0.4605,
            "med": 1.597708,
            "max": 51.924667,
            "p(90)": 3.551041,
            "p(95)": 4.826667
        },
        "iterations": {
            "count": 24001,
            "rate": 80.00293545206769
        },
        "http_req_duration": {
            "min": 0.387,
            "med": 1.418,
            "max": 51.808,
            "p(90)": 3.261,
            "p(95)": 4.516,
            "avg": 1.894709678763395
        },
        "data_sent": {
            "count": 1704071,
            "rate": 5680.2084170968055
        },
        "http_req_blocked": {
            "max": 13.001,
            "p(90)": 0.01,
            "p(95)": 0.013,
            "avg": 0.010292737802591096,
            "min": 0.001,
            "med": 0.006
        },
        "http_req_connecting": {
            "p(90)": 0,
            "p(95)": 0,
            "avg": 0.0016318903379025878,
            "min": 0,
            "med": 0,
            "max": 11.095
        },
        "checks{check:ok}": {
            "passes": 24001,
            "fails": 0,
            "thresholds": {
                "rate>0.999": false
            },
            "value": 1
        },
        "http_req_waiting": {
            "min": 0.354,
            "med": 1.347,
            "max": 51.748,
            "p(90)": 3.146,
            "p(95)": 4.393,
            "avg": 1.8146773884421445
        },
        "http_req_tls_handshaking": {
            "max": 0,
            "p(90)": 0,
            "p(95)": 0,
            "avg": 0,
            "min": 0,
            "med": 0
        },
        "checks": {
            "passes": 24001,
            "fails": 0,
            "value": 1
        },
        "http_req_receiving": {
            "avg": 0.05498245906420529,
            "min": 0.005,
            "med": 0.044,
            "max": 13.88,
            "p(90)": 0.072,
            "p(95)": 0.091
        }
    }
}