{
    "metrics": {
        "http_req_duration{expected_response:true}": {
            "p(90)": 2.5808000000000004,
            "p(95)": 4.2894,
            "avg": 1.6060687830687832,
            "min": 0.496,
            "med": 1.268,
            "max": 8.958
        },
        "http_req_connecting": {
            "avg": 0.006863191919191922,
            "min": 0,
            "med": 0,
            "max": 24.76,
            "p(90)": 0,
            "p(95)": 0
        },
        "http_req_tls_handshaking": {
            "med": 0,
            "max": 0,
            "p(90)": 0,
            "p(95)": 0,
            "avg": 0,
            "min": 0
        },
        "http_req_waiting": {
            "min": 0.323,
            "med": 1.114,
            "max": 29.577,
            "p(90)": 2.438,
            "p(95)": 3.425,
            "avg": 1.4429383434343432
        },
        "http_req_receiving": {
            "min": 0.006,
            "med": 0.039,
            "max": 4.168,
            "p(90)": 0.06,
            "p(95)": 0.076,
            "avg": 0.046218909090908325
        },
        "data_sent": {
            "count": 878625,
            "rate": 9762.292171646657
        },
        "iteration_duration": {
            "min": 0.409875,
            "med": 1.336625,
            "max": 29.723917,
            "p(90)": 2.8144246,
            "p(95)": 3.9633169999999995,
            "avg": 1.6956434751515204
        },
        "http_req_sending": {
            "med": 0.016,
            "max": 2.591,
            "p(90)": 0.026,
            "p(95)": 0.034,
            "avg": 0.020471757575757258,
            "min": 0.002
        },
        "http_reqs": {
            "count": 12375,
            "rate": 137.49707284009378
        },
        "data_received": {
            "rate": 37467.402360634194,
            "count": 3372138
        },
        "vus_max": {
            "value": 50,
            "min": 50,
            "max": 50
        },
        "http_req_failed": {
            "passes": 12186,
            "fails": 189,
            "thresholds": {
                "rate<0.001": true
            },
            "value": 0.9847272727272727
        },
        "vus": {
            "max": 2,
            "value": 1,
            "min": 0
        },
        "http_req_blocked": {
            "avg": 0.014320565656563825,
            "min": 0.001,
            "med": 0.005,
            "max": 26.969,
            "p(90)": 0.008,
            "p(95)": 0.01
        },
        "iterations": {
            "count": 12375,
            "rate": 137.49707284009378
        },
        "checks{check:ok}": {
            "passes": 12375,
            "fails": 0,
            "thresholds": {
                "rate>0.999": false
            },
            "value": 1
        },
        "http_req_duration": {
            "min": 0.344,
            "med": 1.175,
            "max": 29.61,
            "p(90)": 2.5326000000000004,
            "p(95)": 3.542,
            "avg": 1.5096290101010037
        },
        "checks": {
            "passes": 12375,
            "fails": 0,
            "value": 1
        }
    },
    "root_group": {
        "path": "",
        "id": "d41d8cd98f00b204e9800998ecf8427e",
        "groups": {},
        "checks": {
                "ok": {
                    "name": "ok",
                    "path": "::ok",
                    "id": "2385b52f13b6c5244d846734f1757fa3",
                    "passes": 12375,
                    "fails": 0
                }
            },
        "name": ""
    }
}