{
    "metrics": {
        "http_reqs": {
            "count": 2931,
            "rate": 69.99688154459498
        },
        "http_req_connecting": {
            "p(95)": 0,
            "avg": 0.005767314909587173,
            "min": 0,
            "med": 0,
            "max": 0.926,
            "p(90)": 0
        },
        "iteration_duration": {
            "max": 1004.401917,
            "p(90)": 3.457209,
            "p(95)": 4.442646,
            "avg": 3.624182361310143,
            "min": 0.352708,
            "med": 1.537083
        },
        "vus": {
            "min": 0,
            "max": 5,
            "value": 0
        },
        "checks{check:ok}": {
            "passes": 2910,
            "fails": 21,
            "thresholds": {
                "rate>0.999": true
            },
            "value": 0.9928352098259979
        },
        "http_req_duration": {
            "max": 1004.001,
            "p(90)": 3.204,
            "p(95)": 4.2155,
            "avg": 3.429032412146023,
            "min": 0,
            "med": 1.376
        },
        "http_req_failed": {
            "passes": 2875,
            "fails": 56,
            "thresholds": {
                "rate<0.001": true
            },
            "value": 0.9808938928693278
        },
        "data_sent": {
            "count": 207249,
            "rate": 4949.4314920626975
        },
        "vus_max": {
            "value": 20,
            "min": 20,
            "max": 20
        },
        "http_req_duration{expected_response:true}": {
            "med": 1.662,
            "max": 6.675,
            "p(90)": 4.0475,
            "p(95)": 4.687499999999999,
            "avg": 1.9756964285714287,
            "min": 0.671
        },
        "http_req_sending": {
            "max": 1.155,
            "p(90)": 0.039,
            "p(95)": 0.045,
            "avg": 0.02336131013306065,
            "min": 0,
            "med": 0.019
        },
        "checks": {
            "passes": 2910,
            "fails": 21,
            "value": 0.9928352098259979
        },
        "http_req_blocked": {
            "max": 1.787,
            "p(90)": 0.013,
            "p(95)": 0.016,
            "avg": 0.01494950528829765,
            "min": 0,
            "med": 0.006
        },
        "data_received": {
            "count": 792582,
            "rate": 18928.10247982879
        },
        "http_req_tls_handshaking": {
            "min": 0,
            "med": 0,
            "max": 0,
            "p(90)": 0,
            "p(95)": 0,
            "avg": 0
        },
        "http_req_receiving": {
            "avg": 0.0494384169225523,
            "min": 0,
            "med": 0.037,
            "max": 2.766,
            "p(90)": 0.086,
            "p(95)": 0.10549999999999987
        },
        "iterations": {
            "count": 2931,
            "rate": 69.99688154459498
        },
        "http_req_waiting": {
            "max": 1003.956,
            "p(90)": 3.106,
            "p(95)": 4.117499999999997,
            "avg": 3.3562326850904123,
            "min": 0,
            "med": 1.322
        }
    },
    "root_group": {
        "name": "",
        "path": "",
        "id": "d41d8cd98f00b204e9800998ecf8427e",
        "groups": {},
        "checks": {
                "ok": {
                    "name": "ok",
                    "path": "::ok",
                    "id": "2385b52f13b6c5244d846734f1757fa3",
                    "passes": 2910,
                    "fails": 21
                }
            }
    }
}