{
    "metrics": {
        "http_req_receiving": {
            "avg": 0.07066738095238115,
            "min": 0.007,
            "med": 0.052,
            "max": 6.593,
            "p(90)": 0.096,
            "p(95)": 0.127
        },
        "http_req_duration{expected_response:true}": {
            "max": 21.711,
            "p(90)": 4.297000000000001,
            "p(95)": 6.7073999999999865,
            "avg": 2.3813023255813945,
            "min": 0.555,
            "med": 1.483
        },
        "http_req_failed": {
            "passes": 4071,
            "fails": 129,
            "thresholds": {
                "rate<0.001": true
            },
            "value": 0.9692857142857143
        },
        "http_req_duration": {
            "med": 1.4525000000000001,
            "max": 94.625,
            "p(90)": 4.034800000000001,
            "p(95)": 6.206549999999998,
            "avg": 2.29129833333333,
            "min": 0.433
        },
        "data_received": {
            "count": 1138143,
            "rate": 1186.1863810454174
        },
        "http_req_blocked": {
            "med": 0.008,
            "max": 12.546,
            "p(90)": 0.014,
            "p(95)": 0.017,
            "avg": 0.02362428571428592,
            "min": 0
        },
        "vus_max": {
            "max": 20,
            "value": 20,
            "min": 20
        },
        "checks{check:ok}": {
            "passes": 4200,
            "fails": 0,
            "thresholds": {
                "rate>0.999": false
            },
            "value": 1
        },
        "http_req_tls_handshaking": {
            "avg": 0,
            "min": 0,
            "med": 0,
            "max": 0,
            "p(90)": 0,
            "p(95)": 0
        },
        "http_req_connecting": {
            "min": 0,
            "med": 0,
            "max": 10.78,
            "p(90)": 0,
            "p(95)": 0,
            "avg": 0.01098380952380952
        },
        "http_req_waiting": {
            "avg": 2.186567380952383,
            "min": 0.397,
            "med": 1.3565,
            "max": 94.593,
            "p(90)": 3.8804000000000003,
            "p(95)": 6.012099999999999
        },
        "http_req_sending": {
            "med": 0.024,
            "max": 3.108,
            "p(90)": 0.042,
            "p(95)": 0.054,
            "avg": 0.034063571428571846,
            "min": 0.002
        },
        "data_sent": {
            "rate": 306.4103509201855,
            "count": 294000
        },
        "http_reqs": {
            "count": 4200,
            "rate": 4.377290727431221
        },
        "iterations": {
            "count": 4200,
            "rate": 4.377290727431221
        },
        "vus": {
            "value": 0,
            "min": 0,
            "max": 1
        },
        "checks": {
            "passes": 4200,
            "fails": 0,
            "value": 1
        },
        "iteration_duration": {
            "avg": 2.5719525411904725,
            "min": 0.510375,
            "med": 1.6911455,
            "max": 94.72125,
            "p(90)": 4.421979400000001,
            "p(95)": 6.778670849999998
        }
    },
    "root_group": {
        "path": "",
        "id": "d41d8cd98f00b204e9800998ecf8427e",
        "groups": {},
        "checks": {
                "ok": {
                    "name": "ok",
                    "path": "::ok",
                    "id": "2385b52f13b6c5244d846734f1757fa3",
                    "passes": 4200,
                    "fails": 0
                }
            },
        "name": ""
    }
}