{
    "metrics": {
        "http_req_tls_handshaking": {
            "avg": 0,
            "min": 0,
            "med": 0,
            "max": 0,
            "p(90)": 0,
            "p(95)": 0
        },
        "http_req_failed": {
            "passes": 4059,
            "fails": 129,
            "thresholds": {
                "rate<0.001": true
            },
            "value": 0.9691977077363897
        },
        "http_reqs": {
            "count": 4188,
            "rate": 3.810717248450756
        },
        "data_sent": {
            "count": 293160,
            "rate": 266.7502073915529
        },
        "vus_max": {
            "value": 22,
            "min": 20,
            "max": 22
        },
        "iteration_duration": {
            "med": 1.9792915,
            "max": 181.523667,
            "p(90)": 5.7463499,
            "p(95)": 8.629435299999999,
            "avg": 3.7527434672874813,
            "min": 0.520167
        },
        "data_received": {
            "count": 1134879,
            "rate": 1032.6415903067204
        },
        "http_req_sending": {
            "avg": 0.03834598853868203,
            "min": 0.003,
            "med": 0.026,
            "max": 6.387,
            "p(90)": 0.046,
            "p(95)": 0.058
        },
        "http_req_receiving": {
            "min": 0.006,
            "med": 0.056,
            "max": 18.88,
            "p(90)": 0.11,
            "p(95)": 0.1506499999999998,
            "avg": 0.09141045845272197
        },
        "iterations": {
            "rate": 3.810717248450756,
            "count": 4188
        },
        "http_req_blocked": {
            "avg": 0.030539398280802797,
            "min": 0.001,
            "med": 0.009,
            "max": 13.965,
            "p(90)": 0.015,
            "p(95)": 0.019
        },
        "http_req_connecting": {
            "p(90)": 0,
            "p(95)": 0,
            "avg": 0.01301504297994269,
            "min": 0,
            "med": 0,
            "max": 12.152
        },
        "http_req_duration": {
            "max": 181.522,
            "p(90)": 5.202,
            "p(95)": 7.8933,
            "avg": 3.402519818529132,
            "min": 0.466,
            "med": 1.663
        },
        "vus": {
            "min": 0,
            "max": 21,
            "value": 0
        },
        "checks": {
            "passes": 4188,
            "fails": 0,
            "value": 1
        },
        "http_req_waiting": {
            "max": 181.493,
            "p(90)": 4.990300000000001,
            "p(95)": 7.5516499999999995,
            "avg": 3.272763371537728,
            "min": 0.44,
            "med": 1.5445
        },
        "http_req_duration{expected_response:true}": {
            "avg": 2.437341085271317,
            "min": 0.538,
            "med": 1.524,
            "max": 58.83,
            "p(90)": 3.628,
            "p(95)": 5.156199999999999
        },
        "dropped_iterations": {
            "count": 13,
            "rate": 0.011828873980386777
        },
        "checks{check:ok}": {
            "passes": 4188,
            "fails": 0,
            "thresholds": {
                "rate>0.999": false
            },
            "value": 1
        }
    },
    "root_group": {
        "name": "",
        "path": "",
        "id": "d41d8cd98f00b204e9800998ecf8427e",
        "groups": {},
        "checks": {
                "ok": {
                    "name": "ok",
                    "path": "::ok",
                    "id": "2385b52f13b6c5244d846734f1757fa3",
                    "passes": 4188,
                    "fails": 0
                }
            }
    }
}