{
    "metrics": {
        "checks{check:ok}": {
            "passes": 4200,
            "fails": 0,
            "thresholds": {
                "rate>0.999": false
            },
            "value": 1
        },
        "data_sent": {
            "count": 294000,
            "rate": 4888.525083595858
        },
        "iterations": {
            "count": 4200,
            "rate": 69.83607262279796
        },
        "http_req_waiting": {
            "p(90)": 3.9794000000000005,
            "p(95)": 5.734549999999994,
            "avg": 2.1767252380952438,
            "min": 0.416,
            "med": 1.3725,
            "max": 55.627
        },
        "http_req_duration": {
            "avg": 2.283584999999997,
            "min": 0.444,
            "med": 1.4575,
            "max": 55.672,
            "p(90)": 4.1501,
            "p(95)": 5.887699999999997
        },
        "http_req_tls_handshaking": {
            "avg": 0,
            "min": 0,
            "med": 0,
            "max": 0,
            "p(90)": 0,
            "p(95)": 0
        },
        "http_req_connecting": {
            "avg": 0.027118095238095236,
            "min": 0,
            "med": 0,
            "max": 17.993,
            "p(90)": 0,
            "p(95)": 0
        },
        "checks": {
            "passes": 4200,
            "fails": 0,
            "value": 1
        },
        "http_reqs": {
            "count": 4200,
            "rate": 69.83607262279796
        },
        "http_req_receiving": {
            "avg": 0.06868428571428599,
            "min": 0.007,
            "med": 0.05,
            "max": 7.959,
            "p(90)": 0.093,
            "p(95)": 0.116
        },
        "http_req_sending": {
            "avg": 0.03817547619047648,
            "min": 0.003,
            "med": 0.023,
            "max": 8.377,
            "p(90)": 0.042,
            "p(95)": 0.052
        },
        "iteration_duration": {
            "p(95)": 6.4036544999999965,
            "avg": 2.5718623235714286,
            "min": 0.510083,
            "med": 1.6932705000000001,
            "max": 55.788,
            "p(90)": 4.619125600000001
        },
        "data_received": {
            "count": 1138143,
            "rate": 18924.62790550694
        },
        "http_req_duration{expected_response:true}": {
            "avg": 2.255790697674419,
            "min": 0.57,
            "med": 1.405,
            "max": 41.455,
            "p(90)": 4.127400000000001,
            "p(95)": 5.020399999999999
        },
        "http_req_failed": {
            "fails": 129,
            "passes": 4071,
            "thresholds": {
                "rate<0.001": true
            },
            "value": 0.9692857142857143
        },
        "vus": {
            "value": 0,
            "min": 0,
            "max": 1
        },
        "vus_max": {
            "value": 20,
            "min": 20,
            "max": 20
        },
        "http_req_blocked": {
            "avg": 0.03965809523809545,
            "min": 0.001,
            "med": 0.007,
            "max": 18.033,
            "p(90)": 0.014,
            "p(95)": 0.017
        }
    },
    "root_group": {
        "path": "",
        "id": "d41d8cd98f00b204e9800998ecf8427e",
        "groups": {},
        "checks": {
                "ok": {
                    "id": "2385b52f13b6c5244d846734f1757fa3",
                    "passes": 4200,
                    "fails": 0,
                    "name": "ok",
                    "path": "::ok"
                }
            },
        "name": ""
    }
}