{
    "root_group": {
        "name": "",
        "path": "",
        "id": "d41d8cd98f00b204e9800998ecf8427e",
        "groups": {},
        "checks": {
                "ok": {
                    "name": "ok",
                    "path": "::ok",
                    "id": "2385b52f13b6c5244d846734f1757fa3",
                    "passes": 24001,
                    "fails": 0
                }
            }
    },
    "metrics": {
        "http_req_duration": {
            "med": 1.709,
            "max": 42.79,
            "p(90)": 3.987,
            "p(95)": 5.251,
            "avg": 2.210851964501463,
            "min": 0.409
        },
        "http_req_connecting": {
            "avg": 0.001276280154993542,
            "min": 0,
            "med": 0,
            "max": 10.405,
            "p(90)": 0,
            "p(95)": 0
        },
        "http_reqs": {
            "count": 24001,
            "rate": 80.00082850739277
        },
        "http_req_duration{expected_response:true}": {
            "avg": 2.0326699507389168,
            "min": 0.494,
            "med": 1.569,
            "max": 18.936,
            "p(90)": 3.5094000000000007,
            "p(95)": 4.774799999999996
        },
        "http_req_tls_handshaking": {
            "p(95)": 0,
            "avg": 0,
            "min": 0,
            "med": 0,
            "max": 0,
            "p(90)": 0
        },
        "http_req_sending": {
            "avg": 0.03638640056664295,
            "min": 0.003,
            "med": 0.027,
            "max": 24.535,
            "p(90)": 0.042,
            "p(95)": 0.051
        },
        "http_req_receiving": {
            "avg": 0.07735156868463797,
            "min": 0.007,
            "med": 0.059,
            "max": 22.28,
            "p(90)": 0.101,
            "p(95)": 0.128
        },
        "data_sent": {
            "count": 1680070,
            "rate": 5600.0579955174935
        },
        "iteration_duration": {
            "p(90)": 4.384458,
            "p(95)": 5.711709,
            "avg": 2.500159372526143,
            "min": 0.471208,
            "med": 1.995458,
            "max": 43.048542
        },
        "http_req_waiting": {
            "p(95)": 5.088,
            "avg": 2.0971139952501883,
            "min": 0.385,
            "med": 1.603,
            "max": 42.652,
            "p(90)": 3.82
        },
        "data_received": {
            "count": 6508175,
            "rate": 21693.237451402063
        },
        "vus": {
            "value": 0,
            "min": 0,
            "max": 2
        },
        "checks": {
            "passes": 24001,
            "fails": 0,
            "value": 1
        },
        "iterations": {
            "rate": 80.00082850739277,
            "count": 24001
        },
        "vus_max": {
            "value": 20,
            "min": 20,
            "max": 20
        },
        "checks{check:ok}": {
            "passes": 24001,
            "fails": 0,
            "thresholds": {
                "rate>0.999": false
            },
            "value": 1
        },
        "http_req_blocked": {
            "avg": 0.013233698595890048,
            "min": 0.001,
            "med": 0.009,
            "max": 12.051,
            "p(90)": 0.014,
            "p(95)": 0.017
        },
        "http_req_failed": {
            "passes": 23392,
            "fails": 609,
            "thresholds": {
                "rate<0.001": true
            },
            "value": 0.9746260572476146
        }
    }
}