{
    "root_group": {
        "name": "",
        "path": "",
        "id": "d41d8cd98f00b204e9800998ecf8427e",
        "groups": {},
        "checks": {
                "ok": {
                    "fails": 0,
                    "name": "ok",
                    "path": "::ok",
                    "id": "2385b52f13b6c5244d846734f1757fa3",
                    "passes": 23458
                }
            }
    },
    "metrics": {
        "vus_max": {
            "max": 50,
            "value": 50,
            "min": 20
        },
        "dropped_iterations": {
            "rate": 0.11344355690525525,
            "count": 543
        },
        "http_req_duration": {
            "avg": 52.47862051325759,
            "min": 0.3,
            "med": 1.619,
            "max": 809521.728,
            "p(90)": 4.068,
            "p(95)": 6.417149999999999
        },
        "http_req_receiving": {
            "avg": 0.07317640037513783,
            "min": 0.004,
            "med": 0.055,
            "max": 14.408,
            "p(90)": 0.096,
            "p(95)": 0.121
        },
        "http_req_connecting": {
            "avg": 0.7496829652996845,
            "min": 0,
            "med": 0,
            "max": 973.071,
            "p(90)": 0,
            "p(95)": 0
        },
        "http_req_duration{expected_response:true}": {
            "p(90)": 5.373600000000002,
            "p(95)": 10.094599999999998,
            "avg": 85.09844991789818,
            "min": 0.538,
            "med": 1.804,
            "max": 4219.612
        },
        "iterations": {
            "count": 23458,
            "rate": 4.900845226304747
        },
        "http_req_waiting": {
            "max": 809521.48,
            "p(90)": 3.912,
            "p(95)": 6.231299999999997,
            "avg": 52.346780458692166,
            "min": 0.284,
            "med": 1.521
        },
        "http_reqs": {
            "count": 23458,
            "rate": 4.900845226304747
        },
        "http_req_blocked": {
            "p(95)": 0.017,
            "avg": 0.779122261062367,
            "min": 0.001,
            "med": 0.008,
            "max": 973.173,
            "p(90)": 0.014
        },
        "http_req_tls_handshaking": {
            "avg": 0,
            "min": 0,
            "med": 0,
            "max": 0,
            "p(90)": 0,
            "p(95)": 0
        },
        "http_req_failed": {
            "passes": 22849,
            "fails": 609,
            "thresholds": {
                "rate<0.001": true
            },
            "value": 0.9740387074771932
        },
        "http_req_sending": {
            "avg": 0.05866365419046697,
            "min": 0.002,
            "med": 0.026,
            "max": 224.156,
            "p(90)": 0.043,
            "p(95)": 0.052
        },
        "vus": {
            "value": 0,
            "min": 0,
            "max": 50
        },
        "data_sent": {
            "count": 1642060,
            "rate": 343.0591658413323
        },
        "data_received": {
            "count": 6360479,
            "rate": 1328.8312364294309
        },
        "checks{check:ok}": {
            "passes": 23458,
            "fails": 0,
            "thresholds": {
                "rate>0.999": false
            },
            "value": 1
        },
        "checks": {
            "passes": 23458,
            "fails": 0,
            "value": 1
        },
        "iteration_duration": {
            "avg": 19.011945722269562,
            "min": 0.34025,
            "med": 1.8791875,
            "max": 8056.581375,
            "p(90)": 4.4956248,
            "p(95)": 6.877971399999999
        }
    }
}