{
    "metrics": {
        "http_reqs": {
            "rate": 80.01876493383543,
            "count": 24000
        },
        "checks": {
            "passes": 24000,
            "fails": 0,
            "value": 1
        },
        "data_received": {
            "count": 6507903,
            "rate": 21698.098348716765
        },
        "vus_max": {
            "value": 20,
            "min": 20,
            "max": 20
        },
        "http_req_blocked": {
            "max": 13.295,
            "p(90)": 0.014,
            "p(95)": 0.017,
            "avg": 0.012954374999999085,
            "min": 0.001,
            "med": 0.01
        },
        "http_req_receiving": {
            "avg": 0.07720545833333324,
            "min": 0.008,
            "med": 0.064,
            "max": 17.086,
            "p(90)": 0.101,
            "p(95)": 0.125
        },
        "checks{check:ok}": {
            "passes": 24000,
            "fails": 0,
            "thresholds": {
                "rate>0.999": false
            },
            "value": 1
        },
        "http_req_tls_handshaking": {
            "med": 0,
            "max": 0,
            "p(90)": 0,
            "p(95)": 0,
            "avg": 0,
            "min": 0
        },
        "iteration_duration": {
            "avg": 2.4392191860000025,
            "min": 0.420875,
            "med": 2.1016874999999997,
            "max": 42.6425,
            "p(90)": 4.0474253000000004,
            "p(95)": 5.348937499999998
        },
        "http_req_duration{expected_response:true}": {
            "p(95)": 4.1014,
            "avg": 1.929024630541874,
            "min": 0.503,
            "med": 1.526,
            "max": 11.022,
            "p(90)": 3.4012000000000007
        },
        "http_req_waiting": {
            "min": 0.338,
            "med": 1.705,
            "max": 42.045,
            "p(90)": 3.494100000000001,
            "p(95)": 4.74,
            "avg": 2.0372650000000116
        },
        "iterations": {
            "count": 24000,
            "rate": 80.01876493383543
        },
        "http_req_connecting": {
            "min": 0,
            "med": 0,
            "max": 10.73,
            "p(90)": 0,
            "p(95)": 0,
            "avg": 0.0011652499999999998
        },
        "http_req_sending": {
            "min": 0.004,
            "med": 0.03,
            "max": 7.143,
            "p(90)": 0.044,
            "p(95)": 0.053,
            "avg": 0.03582787499999904
        },
        "vus": {
            "max": 3,
            "value": 0,
            "min": 0
        },
        "data_sent": {
            "count": 1680000,
            "rate": 5601.313545368479
        },
        "http_req_failed": {
            "passes": 23391,
            "fails": 609,
            "thresholds": {
                "rate<0.001": true
            },
            "value": 0.974625
        },
        "http_req_duration": {
            "p(95)": 4.914049999999999,
            "avg": 2.1502983333333368,
            "min": 0.362,
            "med": 1.814,
            "max": 42.205,
            "p(90)": 3.6491000000000007
        }
    },
    "root_group": {
        "groups": {},
        "checks": {
                "ok": {
                    "name": "ok",
                    "path": "::ok",
                    "id": "2385b52f13b6c5244d846734f1757fa3",
                    "passes": 24000,
                    "fails": 0
                }
            },
        "name": "",
        "path": "",
        "id": "d41d8cd98f00b204e9800998ecf8427e"
    }
}