{
    "root_group": {
        "name": "",
        "path": "",
        "id": "d41d8cd98f00b204e9800998ecf8427e",
        "groups": {},
        "checks": {
                "ok": {
                    "path": "::ok",
                    "id": "2385b52f13b6c5244d846734f1757fa3",
                    "passes": 5759,
                    "fails": 0,
                    "name": "ok"
                }
            }
    },
    "metrics": {
        "http_req_blocked": {
            "max": 17.598,
            "p(90)": 0.013,
            "p(95)": 0.016,
            "avg": 0.04492880708456073,
            "min": 0.001,
            "med": 0.008
        },
        "vus_max": {
            "value": 80,
            "min": 80,
            "max": 80
        },
        "http_reqs": {
            "rate": 159.9654236917153,
            "count": 5759
        },
        "http_req_tls_handshaking": {
            "max": 0,
            "p(90)": 0,
            "p(95)": 0,
            "avg": 0,
            "min": 0,
            "med": 0
        },
        "iterations": {
            "count": 5759,
            "rate": 159.9654236917153
        },
        "vus": {
            "value": 0,
            "min": 0,
            "max": 1
        },
        "data_sent": {
            "count": 403130,
            "rate": 11197.579658420073
        },
        "checks{check:ok}": {
            "passes": 5759,
            "fails": 0,
            "thresholds": {
                "rate>0.999": false
            },
            "value": 1
        },
        "http_req_duration": {
            "avg": 1.5284384441743317,
            "min": 0.354,
            "med": 1.157,
            "max": 19.538,
            "p(90)": 2.6134000000000004,
            "p(95)": 3.6202999999999994
        },
        "http_req_sending": {
            "avg": 0.02840145858656053,
            "min": 0.002,
            "med": 0.023,
            "max": 2.322,
            "p(90)": 0.037,
            "p(95)": 0.046
        },
        "http_req_waiting": {
            "avg": 1.4440133703768017,
            "min": 0.323,
            "med": 1.08,
            "max": 19.501,
            "p(90)": 2.5014000000000003,
            "p(95)": 3.464399999999999
        },
        "http_req_connecting": {
            "p(95)": 0,
            "avg": 0.03336655669387046,
            "min": 0,
            "med": 0,
            "max": 14.998,
            "p(90)": 0
        },
        "http_req_receiving": {
            "p(95)": 0.103,
            "avg": 0.056023615210973876,
            "min": 0.007,
            "med": 0.047,
            "max": 6.222,
            "p(90)": 0.083
        },
        "http_req_duration{expected_response:true}": {
            "p(95)": 5.742,
            "avg": 2.331,
            "min": 0.454,
            "med": 1.738,
            "max": 12.286,
            "p(90)": 4.663
        },
        "iteration_duration": {
            "min": 0.398208,
            "med": 1.376,
            "max": 21.895667,
            "p(90)": 3.0492250000000003,
            "p(95)": 4.098879099999998,
            "avg": 1.7801941484632728
        },
        "http_req_failed": {
            "passes": 5678,
            "fails": 81,
            "thresholds": {
                "rate<0.001": true
            },
            "value": 0.9859350581698212
        },
        "data_received": {
            "count": 1563775,
            "rate": 43436.348399637456
        },
        "checks": {
            "passes": 5759,
            "fails": 0,
            "value": 1
        }
    }
}