{
    "root_group": {
        "name": "",
        "path": "",
        "id": "d41d8cd98f00b204e9800998ecf8427e",
        "groups": {},
        "checks": {
                "ok": {
                    "passes": 5759,
                    "fails": 0,
                    "name": "ok",
                    "path": "::ok",
                    "id": "2385b52f13b6c5244d846734f1757fa3"
                }
            }
    },
    "metrics": {
        "http_req_failed": {
            "passes": 5678,
            "fails": 81,
            "thresholds": {
                "rate<0.001": true
            },
            "value": 0.9859350581698212
        },
        "vus_max": {
            "max": 80,
            "value": 80,
            "min": 80
        },
        "http_req_duration": {
            "min": 0.254,
            "med": 1.12,
            "max": 61.959,
            "p(90)": 3.302400000000001,
            "p(95)": 4.753399999999999,
            "avg": 1.784913005730162
        },
        "iterations": {
            "count": 5759,
            "rate": 159.96342867707355
        },
        "checks": {
            "passes": 5759,
            "fails": 0,
            "value": 1
        },
        "data_received": {
            "count": 1563775,
            "rate": 43435.806681627146
        },
        "http_req_tls_handshaking": {
            "min": 0,
            "med": 0,
            "max": 0,
            "p(90)": 0,
            "p(95)": 0,
            "avg": 0
        },
        "http_req_sending": {
            "avg": 0.03071661746831049,
            "min": 0.002,
            "med": 0.021,
            "max": 6.812,
            "p(90)": 0.038,
            "p(95)": 0.05
        },
        "http_req_waiting": {
            "p(90)": 3.1414000000000004,
            "p(95)": 4.649299999999999,
            "avg": 1.6950970654627457,
            "min": 0.239,
            "med": 1.04,
            "max": 61.931
        },
        "http_req_receiving": {
            "avg": 0.0590993227990969,
            "min": 0.005,
            "med": 0.043,
            "max": 7.162,
            "p(90)": 0.084,
            "p(95)": 0.114
        },
        "http_req_duration{expected_response:true}": {
            "p(95)": 7.616,
            "avg": 2.5508518518518524,
            "min": 0.418,
            "med": 1.583,
            "max": 10.577,
            "p(90)": 5.691
        },
        "checks{check:ok}": {
            "passes": 5759,
            "fails": 0,
            "thresholds": {
                "rate>0.999": false
            },
            "value": 1
        },
        "data_sent": {
            "count": 403130,
            "rate": 11197.44000739515
        },
        "iteration_duration": {
            "med": 1.3415,
            "max": 62.022916,
            "p(90)": 3.7322664000000003,
            "p(95)": 5.503633599999998,
            "avg": 2.0442063748914734,
            "min": 0.28425
        },
        "http_req_connecting": {
            "max": 11.986,
            "p(90)": 0,
            "p(95)": 0,
            "avg": 0.02783920819586734,
            "min": 0,
            "med": 0
        },
        "vus": {
            "value": 0,
            "min": 0,
            "max": 4
        },
        "http_reqs": {
            "count": 5759,
            "rate": 159.96342867707355
        },
        "http_req_blocked": {
            "med": 0.007,
            "max": 14.393,
            "p(90)": 0.013,
            "p(95)": 0.016,
            "avg": 0.03921635700642208,
            "min": 0.001
        }
    }
}