{
    "metrics": {
        "http_req_failed": {
            "passes": 12186,
            "fails": 189,
            "thresholds": {
                "rate<0.001": true
            },
            "value": 0.9847272727272727
        },
        "http_req_tls_handshaking": {
            "p(90)": 0,
            "p(95)": 0,
            "avg": 0,
            "min": 0,
            "med": 0,
            "max": 0
        },
        "http_req_sending": {
            "max": 5.165,
            "p(90)": 0.038,
            "p(95)": 0.048,
            "avg": 0.030295272727271713,
            "min": 0.003,
            "med": 0.025
        },
        "iterations": {
            "count": 12375,
            "rate": 137.4910325293228
        },
        "http_req_duration{expected_response:true}": {
            "p(90)": 3.1184000000000003,
            "p(95)": 4.463,
            "avg": 1.9478201058201048,
            "min": 0.415,
            "med": 1.421,
            "max": 19.707
        },
        "http_req_receiving": {
            "p(90)": 0.09,
            "p(95)": 0.115,
            "avg": 0.06491224242424218,
            "min": 0.008,
            "med": 0.052,
            "max": 5.863
        },
        "checks": {
            "passes": 12375,
            "fails": 0,
            "value": 1
        },
        "http_req_duration": {
            "avg": 1.757777050505042,
            "min": 0.297,
            "med": 1.385,
            "max": 26.107,
            "p(90)": 2.998,
            "p(95)": 3.996599999999999
        },
        "checks{check:ok}": {
            "passes": 12375,
            "fails": 0,
            "thresholds": {
                "rate>0.999": false
            },
            "value": 1
        },
        "http_reqs": {
            "count": 12375,
            "rate": 137.4910325293228
        },
        "http_req_connecting": {
            "avg": 0.008353212121212122,
            "min": 0,
            "med": 0,
            "max": 10.564,
            "p(90)": 0,
            "p(95)": 0
        },
        "vus": {
            "value": 0,
            "min": 0,
            "max": 2
        },
        "vus_max": {
            "max": 50,
            "value": 50,
            "min": 50
        },
        "data_sent": {
            "rate": 9624.372277052596,
            "count": 866250
        },
        "data_received": {
            "count": 3359763,
            "rate": 37328.26536758102
        },
        "http_req_blocked": {
            "avg": 0.01966852525252271,
            "min": 0.001,
            "med": 0.008,
            "max": 12.436,
            "p(90)": 0.014,
            "p(95)": 0.016
        },
        "http_req_waiting": {
            "med": 1.293,
            "max": 26.079,
            "p(90)": 2.854,
            "p(95)": 3.8152999999999992,
            "avg": 1.6625695353535412,
            "min": 0.277
        },
        "iteration_duration": {
            "med": 1.634792,
            "max": 26.196542,
            "p(90)": 3.3644420000000013,
            "p(95)": 4.4272292,
            "avg": 2.013685079191923,
            "min": 0.337292
        }
    },
    "root_group": {
        "id": "d41d8cd98f00b204e9800998ecf8427e",
        "groups": {},
        "checks": {
                "ok": {
                    "fails": 0,
                    "name": "ok",
                    "path": "::ok",
                    "id": "2385b52f13b6c5244d846734f1757fa3",
                    "passes": 12375
                }
            },
        "name": "",
        "path": ""
    }
}