{
    "metrics": {
        "checks{check:ok}": {
            "passes": 12355,
            "fails": 0,
            "thresholds": {
                "rate>0.999": false
            },
            "value": 1
        },
        "http_req_failed": {
            "passes": 12166,
            "fails": 189,
            "thresholds": {
                "rate<0.001": true
            },
            "value": 0.9847025495750709
        },
        "data_received": {
            "count": 3354323,
            "rate": 2922.213106590945
        },
        "checks": {
            "passes": 12355,
            "fails": 0,
            "value": 1
        },
        "http_req_blocked": {
            "avg": 0.0773382436260549,
            "min": 0,
            "med": 0.008,
            "max": 176.531,
            "p(90)": 0.013,
            "p(95)": 0.016
        },
        "iteration_duration": {
            "p(95)": 5.888816999999999,
            "avg": 3.2338045728854756,
            "min": 0.390083,
            "med": 1.533792,
            "max": 372.968792,
            "p(90)": 4.0745667999999995
        },
        "dropped_iterations": {
            "count": 20,
            "rate": 0.01742356419814636
        },
        "http_req_waiting": {
            "min": 0.302,
            "med": 1.207,
            "max": 361.168,
            "p(90)": 3.473400000000001,
            "p(95)": 5.140299999999999,
            "avg": 2.8013626871712
        },
        "http_req_sending": {
            "p(90)": 0.04,
            "p(95)": 0.051,
            "avg": 0.032706758397409136,
            "min": 0.002,
            "med": 0.023,
            "max": 5.778
        },
        "http_reqs": {
            "count": 12355,
            "rate": 10.763406783404914
        },
        "http_req_connecting": {
            "p(95)": 0,
            "avg": 0.06460412788344799,
            "min": 0,
            "med": 0,
            "max": 176.32,
            "p(90)": 0
        },
        "vus": {
            "value": 0,
            "min": 0,
            "max": 3
        },
        "vus_max": {
            "max": 62,
            "value": 62,
            "min": 50
        },
        "iterations": {
            "count": 12355,
            "rate": 10.763406783404914
        },
        "http_req_receiving": {
            "med": 0.048,
            "max": 7.086,
            "p(90)": 0.091,
            "p(95)": 0.118,
            "avg": 0.06866005665722345,
            "min": 0.005
        },
        "http_req_duration{expected_response:true}": {
            "p(90)": 3.0670000000000006,
            "p(95)": 5.415999999999999,
            "avg": 3.9031640211640224,
            "min": 0.438,
            "med": 1.548,
            "max": 189.244
        },
        "http_req_tls_handshaking": {
            "min": 0,
            "med": 0,
            "max": 0,
            "p(90)": 0,
            "p(95)": 0,
            "avg": 0
        },
        "http_req_duration": {
            "p(95)": 5.314299999999999,
            "avg": 2.90272950222582,
            "min": 0.338,
            "med": 1.295,
            "max": 361.242,
            "p(90)": 3.6376000000000004
        },
        "data_sent": {
            "count": 864850,
            "rate": 753.438474838344
        }
    },
    "root_group": {
        "name": "",
        "path": "",
        "id": "d41d8cd98f00b204e9800998ecf8427e",
        "groups": {},
        "checks": {
                "ok": {
                    "name": "ok",
                    "path": "::ok",
                    "id": "2385b52f13b6c5244d846734f1757fa3",
                    "passes": 12355,
                    "fails": 0
                }
            }
    }
}