{
    "root_group": {
        "id": "d41d8cd98f00b204e9800998ecf8427e",
        "groups": {},
        "checks": {
                "ok": {
                    "fails": 0,
                    "name": "ok",
                    "path": "::ok",
                    "id": "2385b52f13b6c5244d846734f1757fa3",
                    "passes": 4200
                }
            },
        "name": "",
        "path": ""
    },
    "metrics": {
        "vus": {
            "value": 0,
            "min": 0,
            "max": 2
        },
        "http_reqs": {
            "count": 4200,
            "rate": 69.99707062259445
        },
        "http_req_blocked": {
            "avg": 0.023084761904762184,
            "min": 0,
            "med": 0.009,
            "max": 14.556,
            "p(90)": 0.016,
            "p(95)": 0.019
        },
        "http_req_connecting": {
            "p(95)": 0,
            "avg": 0.009193095238095238,
            "min": 0,
            "med": 0,
            "max": 12.549,
            "p(90)": 0
        },
        "iteration_duration": {
            "max": 33.882875,
            "p(90)": 6.2122208,
            "p(95)": 7.666072949999998,
            "avg": 3.5220770692857153,
            "min": 0.622125,
            "med": 2.9019585
        },
        "iterations": {
            "count": 4200,
            "rate": 69.99707062259445
        },
        "http_req_duration": {
            "p(90)": 5.727900000000001,
            "p(95)": 7.148249999999999,
            "avg": 3.1811416666666585,
            "min": 0.561,
            "med": 2.608,
            "max": 33.475
        },
        "data_sent": {
            "count": 294000,
            "rate": 4899.794943581611
        },
        "data_received": {
            "count": 1574943,
            "rate": 26247.951523228752
        },
        "http_req_tls_handshaking": {
            "max": 0,
            "p(90)": 0,
            "p(95)": 0,
            "avg": 0,
            "min": 0,
            "med": 0
        },
        "checks": {
            "passes": 4200,
            "fails": 0,
            "value": 1
        },
        "http_req_waiting": {
            "med": 2.4865000000000004,
            "max": 33.388,
            "p(90)": 5.5846,
            "p(95)": 6.893849999999997,
            "avg": 3.046877619047619,
            "min": 0.527
        },
        "checks{check:ok}": {
            "passes": 4200,
            "fails": 0,
            "thresholds": {
                "rate>0.999": false
            },
            "value": 1
        },
        "http_req_failed": {
            "passes": 4071,
            "fails": 129,
            "thresholds": {
                "rate<0.001": true
            },
            "value": 0.9692857142857143
        },
        "http_req_sending": {
            "p(90)": 0.048,
            "p(95)": 0.07,
            "avg": 0.037861190476190645,
            "min": 0.002,
            "med": 0.028,
            "max": 2.111
        },
        "vus_max": {
            "value": 20,
            "min": 20,
            "max": 20
        },
        "http_req_receiving": {
            "p(95)": 0.2,
            "avg": 0.09640285714285712,
            "min": 0.007,
            "med": 0.067,
            "max": 9.425,
            "p(90)": 0.135
        },
        "http_req_duration{expected_response:true}": {
            "max": 33.475,
            "p(90)": 4.680000000000001,
            "p(95)": 5.194999999999999,
            "avg": 2.7804031007751933,
            "min": 0.953,
            "med": 2.026
        }
    }
}