{
    "root_group": {
        "name": "",
        "path": "",
        "id": "d41d8cd98f00b204e9800998ecf8427e",
        "groups": {},
        "checks": {
                "ok": {
                    "name": "ok",
                    "path": "::ok",
                    "id": "2385b52f13b6c5244d846734f1757fa3",
                    "passes": 24000,
                    "fails": 0
                }
            }
    },
    "metrics": {
        "data_received": {
            "count": 9003903,
            "rate": 30012.907555942213
        },
        "vus_max": {
            "value": 20,
            "min": 20,
            "max": 20
        },
        "http_req_tls_handshaking": {
            "max": 0,
            "p(90)": 0,
            "p(95)": 0,
            "avg": 0,
            "min": 0,
            "med": 0
        },
        "checks": {
            "passes": 24000,
            "fails": 0,
            "value": 1
        },
        "http_req_connecting": {
            "p(95)": 0,
            "avg": 0.0015963333333333333,
            "min": 0,
            "med": 0,
            "max": 11.549,
            "p(90)": 0
        },
        "iterations": {
            "count": 24000,
            "rate": 79.99972693426541
        },
        "data_sent": {
            "count": 1680000,
            "rate": 5599.980885398579
        },
        "iteration_duration": {
            "avg": 3.1100817975833475,
            "min": 0.6335,
            "med": 2.7286665,
            "max": 54.015083,
            "p(90)": 5.206032800000001,
            "p(95)": 6.465989899999996
        },
        "checks{check:ok}": {
            "passes": 24000,
            "fails": 0,
            "thresholds": {
                "rate>0.999": false
            },
            "value": 1
        },
        "http_req_duration": {
            "avg": 2.828259958333341,
            "min": 0.568,
            "med": 2.468,
            "max": 53.839,
            "p(90)": 4.823100000000001,
            "p(95)": 6.037199999999996
        },
        "http_req_blocked": {
            "max": 14.226,
            "p(90)": 0.014,
            "p(95)": 0.017,
            "avg": 0.013894999999999328,
            "min": 0,
            "med": 0.009
        },
        "http_req_failed": {
            "passes": 23391,
            "fails": 609,
            "thresholds": {
                "rate<0.001": true
            },
            "value": 0.974625
        },
        "http_req_duration{expected_response:true}": {
            "avg": 3.3377816091954045,
            "min": 0.749,
            "med": 3.028,
            "max": 19.155,
            "p(90)": 5.8342,
            "p(95)": 6.977199999999997
        },
        "http_req_receiving": {
            "p(95)": 0.137,
            "avg": 0.08174391666666737,
            "min": 0.006,
            "med": 0.067,
            "max": 6.631,
            "p(90)": 0.111
        },
        "http_req_sending": {
            "avg": 0.03347362499999899,
            "min": 0.002,
            "med": 0.028,
            "max": 7.715,
            "p(90)": 0.042,
            "p(95)": 0.05
        },
        "vus": {
            "value": 0,
            "min": 0,
            "max": 3
        },
        "http_reqs": {
            "count": 24000,
            "rate": 79.99972693426541
        },
        "http_req_waiting": {
            "p(90)": 4.6641,
            "p(95)": 5.884099999999998,
            "avg": 2.713042416666661,
            "min": 0.518,
            "med": 2.363,
            "max": 53.759
        }
    }
}