{
    "root_group": {
        "name": "",
        "path": "",
        "id": "d41d8cd98f00b204e9800998ecf8427e",
        "groups": {},
        "checks": {
                "ok": {
                    "fails": 0,
                    "name": "ok",
                    "path": "::ok",
                    "id": "2385b52f13b6c5244d846734f1757fa3",
                    "passes": 5759
                }
            }
    },
    "metrics": {
        "data_sent": {
            "count": 403130,
            "rate": 11197.637821455717
        },
        "checks{check:ok}": {
            "passes": 5759,
            "fails": 0,
            "thresholds": {
                "rate>0.999": false
            },
            "value": 1
        },
        "data_received": {
            "count": 2162711,
            "rate": 60073.06449651059
        },
        "checks": {
            "passes": 5759,
            "fails": 0,
            "value": 1
        },
        "http_req_waiting": {
            "p(95)": 5.882399999999999,
            "avg": 2.035028129883664,
            "min": 0.424,
            "med": 1.274,
            "max": 50.135,
            "p(90)": 3.889400000000003
        },
        "http_req_failed": {
            "passes": 5678,
            "fails": 81,
            "thresholds": {
                "rate<0.001": true
            },
            "value": 0.9859350581698212
        },
        "http_req_connecting": {
            "avg": 0.04105851710366385,
            "min": 0,
            "med": 0,
            "max": 24.712,
            "p(90)": 0,
            "p(95)": 0
        },
        "http_req_tls_handshaking": {
            "avg": 0,
            "min": 0,
            "med": 0,
            "max": 0,
            "p(90)": 0,
            "p(95)": 0
        },
        "vus": {
            "max": 3,
            "value": 0,
            "min": 0
        },
        "iteration_duration": {
            "p(95)": 6.7879035999999875,
            "avg": 2.3386155228338166,
            "min": 0.46925,
            "med": 1.504708,
            "max": 50.430375,
            "p(90)": 4.4690164
        },
        "http_reqs": {
            "count": 5759,
            "rate": 159.96625459222452
        },
        "http_req_duration": {
            "p(95)": 6.042699999999998,
            "avg": 2.1138598715054693,
            "min": 0.439,
            "med": 1.343,
            "max": 50.266,
            "p(90)": 4.065
        },
        "http_req_duration{expected_response:true}": {
            "p(95)": 8.638,
            "avg": 3.356308641975309,
            "min": 0.654,
            "med": 2.004,
            "max": 21.762,
            "p(90)": 7.64
        },
        "http_req_sending": {
            "p(90)": 0.034,
            "p(95)": 0.046099999999999745,
            "avg": 0.025475950685882577,
            "min": 0.001,
            "med": 0.016,
            "max": 5.758
        },
        "http_req_receiving": {
            "avg": 0.05335579093592593,
            "min": 0.006,
            "med": 0.037,
            "max": 7.015,
            "p(90)": 0.085,
            "p(95)": 0.115
        },
        "http_req_blocked": {
            "p(95)": 0.016,
            "avg": 0.05204497308559973,
            "min": 0,
            "med": 0.005,
            "max": 24.791,
            "p(90)": 0.012
        },
        "iterations": {
            "rate": 159.96625459222452,
            "count": 5759
        },
        "vus_max": {
            "value": 80,
            "min": 80,
            "max": 80
        }
    }
}