{
    "root_group": {
        "name": "",
        "path": "",
        "id": "d41d8cd98f00b204e9800998ecf8427e",
        "groups": {},
        "checks": {
                "ok": {
                    "path": "::ok",
                    "id": "2385b52f13b6c5244d846734f1757fa3",
                    "passes": 12375,
                    "fails": 0,
                    "name": "ok"
                }
            }
    },
    "metrics": {
        "http_reqs": {
            "rate": 137.49658702916196,
            "count": 12375
        },
        "http_req_duration": {
            "med": 1.675,
            "max": 34.369,
            "p(90)": 4.1146,
            "p(95)": 5.297599999999999,
            "avg": 2.247188040404038,
            "min": 0.467
        },
        "http_req_tls_handshaking": {
            "min": 0,
            "med": 0,
            "max": 0,
            "p(90)": 0,
            "p(95)": 0,
            "avg": 0
        },
        "vus_max": {
            "value": 50,
            "min": 50,
            "max": 50
        },
        "http_req_connecting": {
            "p(95)": 0,
            "avg": 0.006991111111111111,
            "min": 0,
            "med": 0,
            "max": 16.428,
            "p(90)": 0
        },
        "http_req_waiting": {
            "avg": 2.1523995959595967,
            "min": 0.448,
            "med": 1.581,
            "max": 34.282,
            "p(90)": 3.9656000000000002,
            "p(95)": 5.166
        },
        "http_req_failed": {
            "fails": 189,
            "passes": 12186,
            "thresholds": {
                "rate<0.001": true
            },
            "value": 0.9847272727272727
        },
        "http_req_duration{expected_response:true}": {
            "p(90)": 6.646200000000001,
            "p(95)": 8.615199999999994,
            "avg": 3.332804232804234,
            "min": 0.716,
            "med": 2.538,
            "max": 23.459
        },
        "http_req_blocked": {
            "min": 0,
            "med": 0.008,
            "max": 18.549,
            "p(90)": 0.013,
            "p(95)": 0.015,
            "avg": 0.017091636363634418
        },
        "iteration_duration": {
            "avg": 2.484312432969707,
            "min": 0.503208,
            "med": 1.898,
            "max": 34.587875,
            "p(90)": 4.460316600000001,
            "p(95)": 5.724917099999999
        },
        "http_req_receiving": {
            "max": 6.671,
            "p(90)": 0.097,
            "p(95)": 0.118,
            "avg": 0.06779086868686837,
            "min": 0.006,
            "med": 0.054
        },
        "vus": {
            "min": 0,
            "max": 8,
            "value": 0
        },
        "checks{check:ok}": {
            "passes": 12375,
            "fails": 0,
            "thresholds": {
                "rate>0.999": false
            },
            "value": 1
        },
        "checks": {
            "passes": 12375,
            "fails": 0,
            "value": 1
        },
        "data_sent": {
            "count": 866250,
            "rate": 9624.761092041337
        },
        "iterations": {
            "count": 12375,
            "rate": 137.49658702916196
        },
        "http_req_sending": {
            "med": 0.023,
            "max": 2.328,
            "p(90)": 0.037,
            "p(95)": 0.044,
            "avg": 0.026997575757575026,
            "min": 0.002
        },
        "data_received": {
            "rate": 51629.4184431022,
            "count": 4646763
        }
    }
}