{
    "root_group": {
        "id": "d41d8cd98f00b204e9800998ecf8427e",
        "groups": {},
        "checks": {
                "ok": {
                    "fails": 0,
                    "name": "ok",
                    "path": "::ok",
                    "id": "2385b52f13b6c5244d846734f1757fa3",
                    "passes": 12001
                }
            },
        "name": "",
        "path": ""
    },
    "metrics": {
        "http_req_tls_handshaking": {
            "med": 0,
            "max": 0,
            "p(90)": 0,
            "p(95)": 0,
            "avg": 0,
            "min": 0
        },
        "http_req_failed": {
            "passes": 0,
            "fails": 24002,
            "thresholds": {
                "rate<0.01": false
            },
            "value": 0
        },
        "iterations": {
            "count": 12001,
            "rate": 199.9958504319009
        },
        "checks": {
            "passes": 12001,
            "fails": 0,
            "value": 1
        },
        "http_req_waiting": {
            "avg": 1.1087573118906757,
            "min": 0.278,
            "med": 0.818,
            "max": 48.265,
            "p(90)": 1.81,
            "p(95)": 2.586
        },
        "http_req_duration": {
            "p(95)": 2.723949999999999,
            "avg": 1.1710660361636522,
            "min": 0.303,
            "med": 0.87,
            "max": 48.347,
            "p(90)": 1.9109000000000005
        },
        "http_req_sending": {
            "avg": 0.018619115073742847,
            "min": 0.002,
            "med": 0.014,
            "max": 13.078,
            "p(90)": 0.028,
            "p(95)": 0.034
        },
        "iteration_duration": {
            "avg": 2.6281338145154636,
            "min": 0.936208,
            "med": 2.134625,
            "max": 59.107292,
            "p(90)": 3.905541,
            "p(95)": 5.292792
        },
        "http_req_duration{expected_response:true}": {
            "avg": 1.1710660361636522,
            "min": 0.303,
            "med": 0.87,
            "max": 48.347,
            "p(90)": 1.9109000000000005,
            "p(95)": 2.723949999999999
        },
        "data_received": {
            "count": 7221281,
            "rate": 120342.15772041726
        },
        "http_req_receiving": {
            "avg": 0.0436896091992331,
            "min": 0.007,
            "med": 0.032,
            "max": 8.886,
            "p(90)": 0.061,
            "p(95)": 0.08
        },
        "vus": {
            "value": 0,
            "min": 0,
            "max": 2
        },
        "vus_max": {
            "value": 50,
            "min": 50,
            "max": 50
        },
        "data_sent": {
            "count": 2756909,
            "rate": 45943.70135975014
        },
        "http_reqs": {
            "count": 24002,
            "rate": 399.9917008638018
        },
        "http_req_blocked": {
            "med": 0.004,
            "max": 24.798,
            "p(90)": 0.007,
            "p(95)": 0.009,
            "avg": 0.008303349720854657,
            "min": 0
        },
        "http_req_connecting": {
            "p(90)": 0,
            "p(95)": 0,
            "avg": 0.002069785851179068,
            "min": 0,
            "med": 0,
            "max": 2.108
        }
    }
}