{
    "root_group": {
        "name": "",
        "path": "",
        "id": "d41d8cd98f00b204e9800998ecf8427e",
        "groups": {},
        "checks": {
                "ok": {
                    "name": "ok",
                    "path": "::ok",
                    "id": "2385b52f13b6c5244d846734f1757fa3",
                    "passes": 11957,
                    "fails": 0
                }
            }
    },
    "metrics": {
        "data_received": {
            "count": 7193353,
            "rate": 119883.72399404566
        },
        "http_reqs": {
            "count": 23914,
            "rate": 398.5484065071752
        },
        "http_req_connecting": {
            "p(95)": 0,
            "avg": 0.006519737392322492,
            "min": 0,
            "med": 0,
            "max": 66.293,
            "p(90)": 0
        },
        "checks": {
            "passes": 11957,
            "fails": 0,
            "value": 1
        },
        "http_req_duration": {
            "avg": 2.1666039976582723,
            "min": 0.273,
            "med": 0.864,
            "max": 363.159,
            "p(90)": 2.4877000000000007,
            "p(95)": 4.139
        },
        "http_req_failed": {
            "passes": 0,
            "fails": 23914,
            "thresholds": {
                "rate<0.01": false
            },
            "value": 0
        },
        "http_req_tls_handshaking": {
            "p(95)": 0,
            "avg": 0,
            "min": 0,
            "med": 0,
            "max": 0,
            "p(90)": 0
        },
        "http_req_duration{expected_response:true}": {
            "avg": 2.1666039976582723,
            "min": 0.273,
            "med": 0.864,
            "max": 363.159,
            "p(90)": 2.4877000000000007,
            "p(95)": 4.139
        },
        "vus_max": {
            "value": 58,
            "min": 50,
            "max": 58
        },
        "http_req_blocked": {
            "p(90)": 0.008,
            "p(95)": 0.011,
            "avg": 0.026201764656683068,
            "min": 0,
            "med": 0.004,
            "max": 323.844
        },
        "http_req_sending": {
            "avg": 0.021397215020488667,
            "min": 0.001,
            "med": 0.013,
            "max": 50.262,
            "p(90)": 0.028,
            "p(95)": 0.035
        },
        "vus": {
            "value": 1,
            "min": 0,
            "max": 51
        },
        "iterations": {
            "count": 11957,
            "rate": 199.2742032535876
        },
        "dropped_iterations": {
            "count": 44,
            "rate": 0.733299735983763
        },
        "http_req_waiting": {
            "avg": 2.090394287864852,
            "min": 0.258,
            "med": 0.808,
            "max": 363.112,
            "p(90)": 2.3717000000000006,
            "p(95)": 3.9898499999999886
        },
        "iteration_duration": {
            "p(95)": 8.550966599999997,
            "avg": 4.908272701931898,
            "min": 0.965375,
            "med": 1.979625,
            "max": 542.680916,
            "p(90)": 4.9337248
        },
        "http_req_receiving": {
            "avg": 0.054812494772934754,
            "min": 0.006,
            "med": 0.031,
            "max": 93.183,
            "p(90)": 0.061,
            "p(95)": 0.081
        },
        "data_sent": {
            "count": 2745349,
            "rate": 45753.72038371109
        }
    }
}