{
    "metrics": {
        "iterations": {
            "count": 12000,
            "rate": 199.99513345175268
        },
        "http_req_tls_handshaking": {
            "p(95)": 0,
            "avg": 0,
            "min": 0,
            "med": 0,
            "max": 0,
            "p(90)": 0
        },
        "http_req_waiting": {
            "avg": 1.0127120000000005,
            "min": 0.28,
            "med": 0.796,
            "max": 32.805,
            "p(90)": 1.688,
            "p(95)": 2.340099999999998
        },
        "http_req_duration{expected_response:true}": {
            "p(95)": 2.455049999999999,
            "avg": 1.0790776249999958,
            "min": 0.311,
            "med": 0.856,
            "max": 32.847,
            "p(90)": 1.778
        },
        "http_req_connecting": {
            "avg": 0.0022572916666666666,
            "min": 0,
            "med": 0,
            "max": 3.16,
            "p(90)": 0,
            "p(95)": 0
        },
        "data_received": {
            "rate": 120341.73835103346,
            "count": 7220680
        },
        "http_reqs": {
            "count": 24000,
            "rate": 399.99026690350536
        },
        "http_req_blocked": {
            "med": 0.004,
            "max": 3.883,
            "p(90)": 0.008,
            "p(95)": 0.01,
            "avg": 0.007840874999998443,
            "min": 0
        },
        "http_req_sending": {
            "avg": 0.01949679166666574,
            "min": 0.002,
            "med": 0.016,
            "max": 5.68,
            "p(90)": 0.03,
            "p(95)": 0.037
        },
        "data_sent": {
            "count": 2756680,
            "rate": 45943.54870698146
        },
        "http_req_failed": {
            "passes": 0,
            "fails": 24000,
            "thresholds": {
                "rate<0.01": false
            },
            "value": 0
        },
        "http_req_receiving": {
            "med": 0.037,
            "max": 21.355,
            "p(90)": 0.065,
            "p(95)": 0.084,
            "avg": 0.04686883333333252,
            "min": 0.009
        },
        "iteration_duration": {
            "avg": 2.4532108405833286,
            "min": 0.977458,
            "med": 2.1342915,
            "max": 41.95275,
            "p(90)": 3.617587500000001,
            "p(95)": 4.5116416500000005
        },
        "checks": {
            "passes": 12000,
            "fails": 0,
            "value": 1
        },
        "vus": {
            "value": 1,
            "min": 0,
            "max": 2
        },
        "vus_max": {
            "value": 50,
            "min": 50,
            "max": 50
        },
        "http_req_duration": {
            "max": 32.847,
            "p(90)": 1.778,
            "p(95)": 2.455049999999999,
            "avg": 1.0790776249999958,
            "min": 0.311,
            "med": 0.856
        }
    },
    "root_group": {
        "name": "",
        "path": "",
        "id": "d41d8cd98f00b204e9800998ecf8427e",
        "groups": {},
        "checks": {
                "ok": {
                    "fails": 0,
                    "name": "ok",
                    "path": "::ok",
                    "id": "2385b52f13b6c5244d846734f1757fa3",
                    "passes": 12000
                }
            }
    }
}